,DEG,pred
Apoe,0,0
Clu,0,0
Cst3,0,0
Dach1,2,2
Sema6d,0,0
Mt1,0,0
Fgf14,2,2
Brinp3,2,2
Csmd1,0,0
Gpr37l1,0,0
Ctnna2,0,0
Cped1,2,2
Pcdh9,2,2
Shroom3,2,2
Dcc,0,0
Grip1,0,0
Cd81,0,0
Mt3,0,0
Lrrc4c,2,2
Erbb4,2,2
Pcdh11x,2,2
Adam23,2,2
Gja1,0,0
Bcan,0,0
Mt2,0,0
Fgf13,2,2
Nr6a1,2,2
Immp2l,2,2
Ntsr2,0,0
Cpeb4,2,2
Gm21860,0,0
Npas3,1,2
Il1rapl1,2,2
Nrxn3,1,1
Pbx1,2,2
Atp1b2,0,0
Rgs6,2,2
Nrg1,0,0
Unc13c,0,0
Gpam,2,2
Dok6,0,0
Ptprt,2,2
Bmp6,2,2
Dclk1,1,1
B3galt1,1,2
Msmo1,0,0
Gria2,1,1
Itm2b,0,0
Bsg,0,0
Chl1,0,0
Dlg2,2,2
Nfia,1,1
Atp1a2,0,0
Zeb1,1,1
Pabpn1,0,0
Efemp1,2,2
Csmd2,0,0
Cd63,0,0
Zfhx4,2,2
Plekhm3,2,2
Dmd,1,2
Gm26917,0,0
Cdh19,2,2
Slc7a10,0,0
Wls,2,2
Crym,2,2
Trpm3,1,2
Mfge8,0,0
Dpyd,2,2
Cox8a,0,0
Sox6,2,2
Luzp2,2,2
Fjx1,0,0
Efna5,2,2
9530026P05Rik,2,2
Maml3,2,2
Spata6,2,2
S1pr1,0,0
Ptchd4,0,0
Glis3,2,2
Rmst,0,0
Nr3c2,2,2
Acsl3,0,0
Cldn10,0,0
Rbms1,2,2
Kcnn2,0,0
Qk,1,1
Trps1,1,1
Bmpr1b,2,2
Eda,2,2
Cd9,0,0
Htra1,0,0
Lamp1,0,0
Cntn1,1,1
Sat1,0,0
Sntb2,2,2
Kcnd2,1,0
Me3,2,2
Scel,0,0
Ckb,0,0
Snrnp70,0,0
Scg3,0,0
Bcl2,2,2
Robo1,1,2
Gm12239,2,2
Scd2,0,0
Phlpp1,1,1
Ntrk3,1,0
Tsix,2,2
Rfx3,1,1
Pcdh7,1,1
Gfra1,2,2
Ctsd,0,0
Rps29,0,0
Kcnh5,0,0
Cpeb1,2,2
Kcnq3,1,0
Gpc5,1,1
Aldh1a1,0,0
Adamts20,0,0
Robo2,2,2
Rpl41,0,0
Slc25a3,0,0
Tenm3,1,1
Cpe,1,1
Thsd7a,2,2
Scn8a,0,0
Unc5c,2,2
Rasa2,2,2
Pcdhb14,2,2
Cmss1,0,0
Btg1,0,0
Ndrg2,0,0
Dennd1a,1,2
Psap,0,0
Laptm4a,0,0
Lars2,0,0
Dock10,0,0
Msi2,1,2
Akt3,1,1
Atp1b1,0,0
Ndufc2,0,0
Sox5,2,2
Nkain4,0,0
Dnm3,1,1
Cox7c,0,0
Phactr2,2,2
Esrrg,2,2
Ndufaf4,0,0
Id2,0,0
Itm2c,0,0
Camk2a,0,0
Ddx5,0,0
Rpe65,2,2
Aldoc,0,0
Frmd4a,1,2
Trim9,1,1
Nav3,1,1
Dmxl1,1,1
Gphn,1,1
Fgfr2,0,0
Gjb6,0,0
Nol4,1,1
Sparcl1,1,1
Grm3,1,1
Atp6v0c,0,0
Gli3,1,1
Cadm2,1,2
Nkx2-2os,2,2
Phip,1,1
Enho,0,0
Gabbr2,2,2
2210408F21Rik,2,2
Tox,1,2
Aplp1,0,0
Aff3,0,0
Inpp4b,2,2
Gpm6b,1,1
Gm2a,0,0
Pde3a,0,0
Lman1,2,2
Gstm5,0,0
Plcb1,1,2
Tmem59,0,0
Zfpm2,1,1
A830019P07Rik,2,2
Plcl2,0,0
Grm5,1,1
Myo16,0,0
Spon1,2,2
Cdk14,1,2
Ttyh1,0,0
Paqr8,0,0
Rgs7bp,0,0
Prnp,0,0
Cep85l,1,1
Galnt18,2,2
Slc1a3,1,1
Rasgrf1,1,1
Grin3a,0,0
Dbi,0,0
Gm4924,2,2
Wdr17,1,1
Rplp1,0,0
Ftx,1,1
Kcnj3,1,2
Utrn,2,2
Slc22a17,0,0
Sash1,2,2
Gnaq,1,1
Arhgap6,2,2
Kcnk1,0,0
Rps27,0,0
Ppib,0,0
Phf21a,1,1
Zbtb16,0,0
Dgkb,1,2
Slc3a2,0,0
Epha7,1,1
Zbtb20,1,1
Pdzd2,2,2
Prpf4b,0,0
Nf1,1,1
Cmtm5,0,0
Gpc6,1,1
Brd9,0,0
Zcchc7,1,1
Pla2g7,0,0
Tspan3,0,0
Camk2d,2,2
Vwa8,2,2
Marc2,0,0
Phactr1,1,2
Cxcl14,0,0
Emc3,0,0
Fam184b,2,2
Otud7a,1,1
Adk,1,1
Rps21,0,0
Sorbs2,1,1
Phkg1,0,0
Fmn2,1,1
Cdh13,0,0
Gm29514,2,2
Shroom4,2,2
Egfem1,1,1
Gm973,2,2
Ilk,0,0
Ncor1,1,1
Car10,0,0
Pkp4,1,1
Pvt1,2,2
Arhgef28,2,2
Nrxn2,0,0
Cacnb2,1,1
Mdk,0,0
Nat8l,0,0
Tmed3,0,0
Gabrb2,0,0
Lef1,1,1
Mbnl1,1,1
Sntb1,1,1
Jkamp,1,1
Pdlim5,1,1
Dock9,1,1
Setbp1,1,1
Nell2,1,1
Neto1,1,1
Arhgef12,1,1
Smpd1,1,1
Lama2,1,2
Klf9,1,1
Arxes2,1,0
Dlg1,1,1
Plxnc1,1,1
Saraf,1,1
Prickle1,1,1
Hook1,1,1
Cpeb2,1,1
Bmyc,1,1
Cox6a1,1,1
Pax6,1,1
Gapdh,1,1
Spock1,1,1
Ank1,1,1
Ahcyl2,1,1
Myo5a,1,1
Pak7,1,1
Kcnc3,1,1
Grid2,1,1
Vegfc,1,1
Slc25a21,1,1
Sesn3,1,1
Kcnq1ot1,1,1
Ctsl,1,1
Hecw1,1,1
Tnik,1,2
Khdrbs2,1,1
Gabra2,1,1
Baz2b,1,1
Arf5,1,1
2610035D17Rik,1,2
Zfp521,1,1
Prkg1,1,0
Chd2,1,1
Arhgap26,1,2
Clstn2,1,1
Usp2,1,1
Colec12,1,1
Tmco1,1,1
Sdhaf1,1,1
Rbfox3,1,1
Emc7,1,1
Vamp2,1,1
Celf1,1,1
Eva1c,1,1
Lmo1,1,1
Tshz2,1,2
Rabgap1l,1,1
Atg10,1,1
Atp5k,1,0
Agmo,1,1
Btbd17,1,1
Mapt,1,1
Mtus1,1,1
Sec62,1,1
Creb5,1,0
Fat3,1,2
Stag1,1,1
Gm28175,1,1
Tle1,1,1
9330159F19Rik,1,1
Ralgapa1,1,1
Tnr,1,1
Rpl38,1,1
Smpdl3a,1,1
Fam172a,1,1
Sugct,1,2
Pcsk1n,1,1
Nrgn,1,1
St6galnac5,1,1
Dync1i1,1,1
Gm13483,1,1
Ldlrad4,1,1
Sorcs1,1,0
Ghr,1,2
Calr,1,1
Gabrb1,1,1
Luc7l2,1,1
Usp34,1,1
Msra,1,1
Nrcam,1,1
Prdm16,1,2
Rit2,1,1
Klf12,1,1
Mgat4c,1,1
Tcf12,1,1
Akap6,1,2
Ddah1,1,1
Rpl37a,1,1
Cbs,1,1
Kcnk2,1,1
Ctsa,1,1
Chd7,1,1
A830018L16Rik,1,1
Lpp,1,2
Sgip1,1,1
Pabpc4,1,1
Lmo4,1,1
Pim3,1,1
Ncan,1,1
Rbpj,1,1
Id3,1,0
Cntn3,1,1
Gtdc1,1,1
Rps27l,1,1
Acaa1a,1,1
Slmap,1,1
Map1b,1,1
Mir99ahg,1,1
Setd5,1,1
Tor1b,1,1
Sipa1l1,1,1
Magi1,1,1
Dscaml1,1,1
Frem1,1,1
Bicd1,1,1
Pde1a,1,1
Rpl18,1,1
Pak3,1,0
Rcan2,1,2
Shc4,1,1
Cspg5,1,1
Spcs2,1,1
Kdm7a,1,1
4930402H24Rik,1,1
Apc,1,1
Nisch,1,1
Enox2,1,1
Hs3st3a1,1,1
Fabp5,1,0
Son,1,1
Map4k4,1,1
Usp53,1,1
Klhl8,1,1
Rpn1,1,1
Ncoa2,1,1
Fmnl2,1,1
Ssbp2,1,1
Gnao1,1,1
Cdk19,1,1
Tubb2b,1,1
Rpl37,1,1
Tsc22d4,1,1
Angpt1,1,0
Elmo1,1,1
Zfp609,1,1
Slc35f1,1,1
Csrnp3,1,1
Zeb2,1,1
Hmgcr,1,1
Fzd2,1,1
Mlc1,1,1
Ap3s1,1,1
Atxn7l3b,1,1
Fam135b,1,1
Rps14,1,1
Ablim1,1,1
Pcdhb16,1,1
Atp5j,1,1
Fxyd1,1,1
Sdc4,1,1
Usp54,1,1
Tecr,1,1
C130071C03Rik,1,1
St6gal1,1,1
Smc4,1,1
Gm14418,1,1
Lrp1b,1,1
Mfap3l,1,1
Hmg20a,1,1
Ndufb3,1,1
Sqle,1,1
Ezh2,1,1
Ssbp1,1,1
Huwe1,1,1
Tsc22d2,1,1
Ttc14,1,1
Klhl32,1,1
Upp2,1,1
1810037I17Rik,1,0
Ptn,1,1
Fut8,1,1
Zfp438,1,1
Timm10b,1,1
Pcdhb11,1,1
Sorcs2,1,2
Spock2,1,1
Mpped1,1,1
Fam184a,1,1
Crem,1,1
Lrp1,1,1
Pde8a,1,1
Smyd3,1,1
Lypd6,1,1
Runx1t1,1,1
Maml2,1,1
Serf2,1,1
F3,1,1
Macf1,1,1
Ankrd28,1,1
Tmed2,1,1
Rps16,1,1
Atxn1,1,1
Nfib,1,1
Cox4i1,1,1
Zfp804a,1,1
Rpl27,1,1
Shisa4,1,1
Dalrd3,1,1
Cyc1,1,1
Zfand3,1,1
Ndufb11,1,0
Specc1,1,1
Ppp2r2b,1,1
Dag1,1,1
Dock7,1,1
Agps,1,1
Rps6ka5,1,1
Gria1,1,1
Hlf,1,1
Cpt1c,1,1
St6galnac3,1,1
Glce,1,1
Celf2,1,1
Tbl1xr1,1,1
Smg1,1,1
Lrrc8c,1,1
Hcn1,1,1
Shisa9,1,1
Mllt10,1,1
Jakmip1,1,1
Plxdc2,1,1
Nalcn,1,1
Paqr7,1,1
Tgfa,1,1
Atp6v0b,1,1
Rab28,1,1
Hes1,1,1
Pam,1,1
Slc25a4,1,1
Plagl1,1,1
Srgap3,1,1
Zfand6,1,1
Pigt,1,1
Fth1,1,1
Pcx,1,1
Znrf3,1,1
0610040J01Rik,1,1
Rarb,1,2
Elavl4,1,1
Cadm1,1,2
Grm1,1,1
Tmem132b,1,0
Gm11867,1,2
Spns1,1,1
Rps24,1,1
Otud7b,1,1
Slc4a3,1,1
Ttr,1,1
Cecr2,1,1
Arfgef1,1,1
Dpysl3,1,1
Faf1,1,1
Ube3a,1,1
Tmbim6,1,1
Omg,1,1
R3hcc1l,1,1
Csgalnact1,1,2
Rpl39,1,0
Nsf,1,1
Hepacam,1,1
Hps4,1,1
Psenen,1,1
Spcs1,1,1
Lrig1,1,1
Ctsc,1,1
Ptprj,1,1
Gm15892,1,1
Fnip1,1,1
Pde7b,1,2
Amph,1,1
Tomm7,1,1
Kcnma1,1,1
Por,1,1
Bbx,1,1
Pak1,1,1
Tcf7l2,1,2
Atp5g2,1,1
Aup1,1,1
Extl2,1,1
Ndufa3,1,1
Tmeff1,1,1
Btbd9,1,1
Ddx17,1,1
AY036118,1,1
Pde8b,1,2
Grik2,1,1
Intu,1,1
Adcy2,1,2
Aff2,1,1
Mef2c,1,1
Rasal2,1,1
Vps13b,1,1
Xrn2,1,1
Pcdh19,1,1
H2afj,1,1
Rgl1,1,1
Cep112,1,1
Ndufa4,1,1
Xpo4,1,1
Scrg1,1,1
Xpr1,1,1
Epg5,1,1
Fam107a,1,1
Prodh,1,1
Tmsb4x,1,1
Rbm39,1,1
Cisd3,1,1
Psen2,1,1
Srsf2,1,1
Tmem150a,1,1
Skap2,1,2
Zfp951,1,2
Zfp655,1,1
Pias2,1,1
Cd320,1,1
Pdgfc,1,1
Rhot1,1,1
Rps6ka2,1,1
Grik4,1,2
Dtx3,1,1
Npc2,1,1
Atp5g1,1,1
Cntfr,1,1
Nfkbia,1,1
Cadps,1,1
Hs3st4,1,0
Slc4a4,1,1
Hsd17b12,1,1
Cdc42bpa,1,1
Fhl1,1,1
Fchsd2,1,1
Nfyc,1,1
Nebl,1,1
Stag2,1,1
Sh3gl2,1,1
Kcna6,1,1
Mbp,1,1
Cpeb3,1,1
Fgd6,1,1
Serinc1,1,1
Nr3c1,1,1
Cab39l,1,1
Yipf3,1,1
Epha5,1,1
Fnbp1,1,1
Thrb,1,2
Syt11,1,1
Camk2n1,1,0
Kiz,1,1
Zfp808,1,2
Atrnl1,1,1
Pam16,1,1
Tnc,1,1
Acadsb,1,1
Ikzf2,1,1
2810013P06Rik,1,1
Degs1,1,1
Unc5d,1,2
Rps15,1,1
Mrpl41,1,0
Grm8,1,0
Nkain3,1,0
Gm10125,1,1
Fgf12,1,1
Cmya5,1,1
Cnot3,1,1
Uqcr11,1,1
Tex264,1,1
Arhgap5,1,1
Gm14412,1,1
Sgcz,1,2
Gabrg3,1,2
Cdk13,1,1
Frrs1l,1,1
Fkbp5,1,1
Smarcd2,1,1
Ftl1,1,1
Lrpap1,1,1
Tmem50a,1,1
Cox14,1,1
Atp13a1,1,1
Tmem132a,1,1
Cdon,1,1
Chchd2,1,1
Bcas3,1,2
Cyp4f15,1,1
Chic2,1,1
Efnb2,1,1
Rpl34,1,1
Krcc1,1,1
Exoc6b,1,1
Pdia3,1,1
Cox6c,1,1
Setd7,1,1
Ola1,1,1
Calm1,1,1
Gm12905,1,1
Taf3,1,1
Npas2,1,1
Agpat3,1,1
1810013L24Rik,1,1
Tfdp1,1,1
Acsl6,1,1
Mtss1,1,1
Akt2,1,1
Fam171b,1,1
Nup98,1,1
Creb1,1,1
Palmd,1,1
Med13l,1,1
Clip4,1,1
Herc6,1,1
Dtnb,1,1
Cox7a2,1,1
Srpr,1,1
Zc3h14,1,1
Ankrd6,1,1
Ppm1l,1,1
Lrrn3,1,1
Mobp,1,1
Timm50,1,1
Cryzl1,1,1
Kansl1,1,1
Dyrk1a,1,1
Abca1,1,1
Usp24,1,1
Foxp1,1,1
Zfp608,1,1
Plekha7,1,1
Ednrb,1,1
Adamts18,1,1
Ddx52,1,1
Cebpd,1,1
Lrba,1,1
Ndufa11,1,1
Ctsf,1,1
Hmgb1,1,1
Gm26843,1,1
Gm20732,1,1
Slc35b1,1,1
Fars2,1,1
Rpl13,1,1
Hnrnpd,1,1
Gmds,1,2
Grid1,1,2
Rplp2,1,1
Hspa5,1,1
Nova2,1,1
Zmym4,1,1
Wsb1,1,1
Aifm3,1,1
Hibadh,1,1
Atp1a1,1,1
Pabpc1,1,1
Ptpn4,1,1
Cux1,1,1
Map2,1,2
Arxes1,1,0
Tmem203,1,1
Ubc,1,1
Gps2,1,1
Sco2,1,1
Slc24a4,1,1
Yap1,1,1
Grin1,1,1
Polr2k,1,1
Cyp2j6,1,1
Pcyt2,1,1
Gramd3,1,1
Clybl,1,1
Dctn1,1,1
E130102H24Rik,1,1
Pitpnm2,1,1
Cit,1,1
Rps27a,1,1
Kdm2a,1,1
Man1a,1,1
Etv4,1,1
Pou2f1,1,1
Psmc3,1,1
Dennd5a,1,1
Ccser1,1,2
BC051142,1,1
Ift57,1,1
Cxxc4,1,1
Tjp2,1,1
Dhrs7,1,1
Ddx3x,1,1
Smdt1,1,1
Snx12,1,1
Mbtd1,1,1
Pigk,1,1
Vipas39,1,1
Syt14,1,1
Cdh6,1,1
Zrsr1,1,1
Ltbp1,1,1
Mid1,1,2
Cspp1,1,1
Sh3kbp1,1,2
Ramp2,1,1
Hnrnpdl,1,1
Setd3,1,1
Yif1b,1,1
Clpx,1,1
Trappc4,1,1
Rps6kb2,1,1
Strn3,1,1
Grik5,1,1
Ptk2,1,1
Cops8,1,1
Cck,1,1
Hif3a,1,1
Wasf1,1,1
Klf13,1,1
Clasp2,1,1
Fgfr3,1,1
Lage3,1,1
Gse1,1,1
Dusp11,1,1
Acaca,1,1
Dnajc1,1,1
Bach2,1,2
Glrb,1,1
Emid1,1,1
Pop4,1,1
Cox6b1,1,1
Lsm7,1,1
Ube2k,1,1
Fign,1,1
Etv1,1,1
Mpdu1,1,1
Myl6,1,1
C1ql3,1,1
Arhgef33,1,1
Man1c1,1,1
Slco1c1,1,1
Cacna1a,1,2
Abcd4,1,1
Rhobtb3,1,1
Ldb1,1,1
Ptma,1,1
Mitf,1,2
Fggy,1,1
Ttc4,1,1
Dkk3,1,1
Ttc28,1,2
Eva1a,1,1
Ppwd1,1,1
Rab8b,1,1
Nudcd3,1,1
Anapc2,1,1
Tmem121,1,1
Tubb5,1,1
Fam173a,1,1
Flrt2,1,1
Asap1,1,2
Fbxl17,1,1
Pid1,1,1
Cyp7b1,1,1
Glul,1,1
Csdc2,1,1
Ergic3,1,1
Ythdf3,1,1
Krtcap2,1,1
Usp9x,1,1
Lrrc8d,1,1
Ndufs6,1,1
Pld3,1,1
Uqcrq,1,1
Kdelr1,1,1
Lgr4,1,1
Kdm5b,1,1
Srrm2,1,1
Scaf8,1,1
Pantr1,1,1
Pmp22,1,1
Bri3,1,1
Trib2,1,1
Acot11,1,1
Os9,1,1
Rasl11b,1,1
Kat6b,1,1
Chst2,1,1
Supt3,1,1
Plcd4,1,1
Oaz1,1,1
Zranb1,1,1
Atg9a,1,1
Ptpn13,1,1
Itga1,1,1
Prrc2a,1,1
Zmat1,1,1
3222401L13Rik,1,1
Gm1043,1,1
Prtg,1,1
Lrp4,1,1
Gm28750,1,1
Ylpm1,1,1
Rps12,1,1
2010315B03Rik,1,1
Rpl11,1,1
Glis1,1,1
Sdk1,1,1
Brsk2,1,1
Stk39,1,1
Pcbp1,1,1
Nme2,1,1
Cnih1,1,1
Sgce,1,1
Tmem14c,1,1
Tmtc2,1,1
Igdcc4,1,1
Tomm22,1,1
Atp5b,1,1
Rhou,1,1
Smc5,1,1
Slc24a3,1,1
Nrn1,1,1
Fermt2,1,1
Btd,1,1
Asf1a,1,1
Lrrc1,1,1
Map1a,1,1
Nova1,1,1
Ext1,1,1
Zim1,1,1
Rtn4,1,1
Lrrfip2,1,1
Atp5e,1,1
Tlcd1,1,1
Ddit4,1,1
Spred1,1,1
Lrrc4b,1,1
Sec23b,1,1
Mob3b,1,1
Gm2115,1,1
Rabac1,1,1
Prdm5,1,1
Sgcd,1,0
Hes5,1,1
Ndufa13,1,1
Pnkp,1,1
Rgs17,1,1
Hmgn3,1,1
Mtmr3,1,1
Ntng1,1,0
Sncaip,1,1
Atl2,1,1
Mageh1,1,0
1110019D14Rik,1,1
Gm14443,1,1
Cradd,1,1
Add3,1,1
Rpl35a,1,1
Ddx10,1,1
Ctxn1,1,1
Fau,1,1
Itpr1,1,1
Tcea1,1,1
Map3k2,1,1
Pds5a,1,1
Ndn,1,1
Hsp90b1,1,1
Slc35e4,1,1
Med31,1,1
Arid1a,1,1
Ldlr,1,1
Nsmce2,1,1
Gm16759,1,1
Tshz3,1,1
Pou3f3,1,1
Zmym2,1,1
R74862,1,1
Pcf11,1,1
Dennd6b,1,1
Cask,1,1
Aplp2,1,1
Tbkbp1,1,1
Clptm1,1,1
Prdx4,1,1
Snta1,1,1
Acbd6,1,1
Dhcr24,1,1
Pknox2,1,1
Ubash3b,1,1
Abca8a,1,1
Eif4g1,1,1
Slc48a1,1,1
Elmod2,1,1
Zfand5,1,1
Zfp961,1,1
Mif,1,1
Pik3ip1,1,1
Cox5b,1,1
Tmem63b,1,1
Ptch1,1,1
Fip1l1,1,1
Tril,1,1
Lrrc20,1,1
3110039M20Rik,1,1
Ptdss2,1,1
Ranbp3l,1,1
Bdh1,1,1
Cplx2,1,1
Eef2,1,1
Atraid,1,1
Xylt1,1,2
Gabarap,1,1
Rreb1,1,1
Meis1,1,1
Eno1,1,1
Sdf4,1,1
Cuta,1,1
Zfp597,1,1
Jarid2,1,1
Actr6,1,1
Specc1l,1,1
Ccdc6,1,1
Atp6ap1,1,1
Hhipl1,1,1
Zfp532,1,1
Tsc22d3,1,1
Zfp763,1,1
Synpo2,1,1
Gm11149,1,1
Uba52,1,1
Hip1,1,1
Ik,1,1
Dhcr7,1,1
Rpl3,1,1
Higd2a,1,1
Rps8,1,1
Gas5,1,1
Ccdc18,1,1
2610307P16Rik,1,1
Vmn2r57,1,1
Snrpd2,1,1
Ppia,1,1
Pet100,1,1
Glrx2,1,1
Vps54,1,1
Ndufc1,1,1
Adprhl2,1,1
March3,1,1
Atf1,1,1
Ubr1,1,1
Riok2,1,1
Gm26618,1,1
Lrp10,1,1
Ccdc149,1,1
Ulk4,1,1
Reep5,1,1
Rpl36al,1,1
Riok1,1,1
Stim2,1,1
Tfdp2,1,1
Slc30a1,1,1
Tnrc6b,1,1
Ophn1,1,1
Romo1,1,1
Irs1,1,1
Hgf,1,1
Cep68,1,1
Plxnb1,1,1
Gpt,1,1
Nsmf,1,1
Ndst2,1,1
Rps23,1,1
Dad1,1,1
Bscl2,1,1
Kitl,1,1
Lonp2,1,1
Cyld,1,1
Fam13c,1,1
Gm10754,1,1
Cfl2,1,1
Pten,1,1
Ubtf,1,1
Cox16,1,1
Rbm20,1,1
Ctsb,1,1
Rpl23,1,1
Gca,1,1
Ap4m1,1,1
Ldlrad3,1,1
Grcc10,1,1
Uqcrh,1,1
D3Ertd751e,1,1
Camta2,1,1
Gm16008,1,1
Tcf20,1,1
Atp1b3,1,1
Rsrc1,1,2
Kdelr2,1,1
2610001J05Rik,1,1
Iqck,1,1
Pnpla8,1,1
Rrnad1,1,1
Slc27a1,1,1
Slc25a5,1,1
Odf2,1,1
Rbm4,1,1
Scrn1,1,1
Bcl9,1,1
Ryk,1,1
Zfp516,1,1
Osbp,1,1
Jtb,1,1
Dennd6a,1,1
Abcd3,1,1
Ror1,1,1
Cherp,1,1
Ano3,1,2
Gstz1,1,1
Abtb2,1,1
Nfat5,1,1
B3galt5,1,1
Abr,1,1
Tor2a,1,1
Ccdc59,1,1
Ifngr1,1,1
Ring1,1,1
Tmem59l,1,1
4930522L14Rik,1,1
E330009J07Rik,1,1
Mib1,1,1
B4galt4,1,1
Tlk1,1,1
Ctnnd2,1,2
Cdipt,1,1
Hsbp1,1,1
Ptms,1,1
Ankrd40,1,1
Metap2,1,1
Mylip,1,1
Rpl28,1,1
Hdac7,1,1
Stk33,1,1
Dido1,1,1
Slc6a1,1,1
Gabrg1,1,1
Aqp4,1,1
Lypd6b,1,1
Dio2,1,1
Tmem33,1,1
Tmem150c,1,1
Purb,1,1
Satb2,1,1
Zfp641,1,1
Acvr2a,1,1
Accs,1,1
Acyp2,1,1
Setd2,1,1
Pcyt1a,1,1
Mxd4,1,1
Cct5,1,1
Cluh,1,1
Pcdhb19,1,1
Sik3,1,1
Heatr5a,1,1
Actb,1,1
Rpl23a,1,1
Tenm1,1,2
Cyp51,1,1
Ramp1,1,1
Abca2,1,1
Notch1,1,1
Zswim6,1,1
Dda1,1,1
Wnk1,1,1
A230072C01Rik,1,1
Echdc2,1,1
Glmp,1,1
Arntl,1,1
Syt17,1,1
Cntnap4,1,1
Arhgap32,1,1
Gpr158,1,2
Ranbp9,1,1
Ccdc47,1,1
Lcorl,1,1
Spink10,1,1
Gm10649,1,1
Fdft1,1,1
Kpna4,1,1
Zfp958,1,1
Pcnp,1,1
Bfar,1,1
Gab2,1,1
Pik3c2a,1,1
Slc39a10,1,1
Nckap5,1,1
Ahcyl1,1,1
Hras,1,1
Zfand2b,1,1
Spen,1,1
Mrpl36,1,0
Fam32a,1,1
Rasa1,1,1
Cyth1,1,1
Pparg,1,1
Syndig1,1,1
St3gal3,1,1
0610012G03Rik,1,1
Vav3,1,1
Peli2,1,1
Lhx2,1,1
Crebzf,1,1
Tmtc3,1,1
Arhgef10,1,1
Gm14532,1,1
Syt7,1,1
Meis2,1,1
Rgma,1,1
Sepsecs,1,1
Ube2e3,1,1
Tm2d2,1,1
Psmc1,1,1
D10Wsu102e,1,1
Herc3,1,1
Erf,1,1
Ap3m2,1,1
Hivep3,1,1
Pum2,1,1
Alg11,1,1
Cnr1,1,1
Pard3,1,2
Usp50,1,1
Zfp706,1,1
Shroom2,1,1
Gm4876,1,1
Osbpl1a,1,1
4930581F22Rik,1,1
Mamld1,1,1
Gm26691,1,1
Fam89b,1,1
AW554918,1,1
Ccdc85a,1,2
Myo18a,1,1
Npdc1,1,1
Per1,1,1
Gm15520,1,1
Rfx7,1,1
Tmem208,1,1
Maged1,1,1
Rpgrip1l,1,1
Lrrc40,1,1
Aco2,1,1
Rbm8a,1,1
Ankhd1,1,1
Tcf25,1,1
Endov,1,1
Arrb2,1,1
Pik3r2,1,1
Shc3,1,1
Mtx1,1,1
Phyhipl,1,1
Trafd1,1,1
Msantd4,1,1
Cobll1,1,1
Sned1,1,1
Olfml1,1,1
Erp29,1,1
Manf,1,1
Ddo,1,1
Arf3,1,1
Tango2,1,1
E430024P14Rik,1,1
Gm11944,1,1
Tmem147,1,1
Abhd11,1,1
Gpaa1,1,1
Usp8,1,1
Clcc1,1,1
Dolpp1,1,1
Tmem101,1,1
Map4k5,1,1
Usp42,1,1
Gde1,1,1
5430403G16Rik,1,1
Fam228a,1,1
Tab2,1,1
Rbm14,1,1
Cttnbp2nl,1,1
Dapp1,1,1
Lix1,1,1
Pmvk,1,1
Arl6ip1,1,1
Nxf1,1,1
Zmiz1os1,1,1
Tsga10,1,1
Tpt1,1,1
Pja2,1,1
Zfhx3,1,2
Epha3,1,1
Dlgap3,1,1
5031425E22Rik,1,1
Rgl2,1,1
Med4,1,1
Haus3,1,1
Cops2,1,1
Nhs,1,1
Ero1l,1,1
Plcxd3,1,1
Usp48,1,1
Alkbh3,1,1
Gldc,1,1
Plekha5,1,1
Tuba1a,1,1
Col4a3bp,1,1
Gprasp1,1,1
Gm12216,1,1
Stub1,1,1
Xrcc4,1,1
Gaa,1,1
Slit2,1,1
Gramd1c,1,1
Tmem126a,1,1
Aar2,1,1
Snrnp27,1,1
Nfe2l1,1,1
Hnrnpc,1,1
Neat1,1,1
Wwtr1,1,1
Thoc1,1,1
Amy1,1,1
Ptprk,1,1
Ccdc28b,1,1
Usp3,1,1
Med27,1,1
Spopl,1,1
Rbfox2,1,1
Rps28,1,1
Fbxo11,1,1
Gna12,1,1
Eps15,1,1
Tssc4,1,1
Cdadc1,1,1
Dlx1as,1,1
Mbd2,1,1
Abl2,1,1
Rnasek,1,1
Zfp804b,1,1
Gcnt2,1,1
Kdm6a,1,1
Dcp1a,1,1
Ncor2,1,1
Padi2,1,1
Vps52,1,1
Ext2,1,1
Fam120a,1,1
Tsc1,1,1
Stx1b,1,1
Prrx1,1,1
Gpt2,1,1
Nav1,1,1
Pigm,1,1
Atp6v0e,1,1
Tob2,1,1
Ehmt2,1,1
Unc50,1,1
Pola1,1,2
Ube2n,1,1
2310057M21Rik,1,1
Cers5,1,1
Mrps16,1,1
Vgll4,1,1
Rnf113a2,1,1
Mid1ip1,1,1
Atp11c,1,1
Snx13,1,1
Iqcb1,1,1
Megf10,1,1
Me1,1,1
Lgi1,1,1
Scamp5,1,1
Tpgs2,1,1
Pfkm,1,1
Ap1s2,1,1
Mid2,1,1
Prkcsh,1,1
Fam169a,1,1
Pcca,1,1
Chd6,1,1
Hipk2,1,1
Atg12,1,1
Csnk1g2,1,1
Rpl9,1,1
Vps9d1,1,1
Sccpdh,1,1
Ubxn7,1,1
Scg5,1,1
Wwc1,1,1
Pcm1,1,1
Gpld1,1,1
Cox5a,1,1
Auts2,1,2
Cycs,1,1
Commd4,1,1
Smpd3,1,1
Mapk8ip1,1,1
Ddn,1,1
Zfp275,1,1
Ifnar1,1,1
Tln1,1,1
Dpm3,1,1
Sorcs3,1,1
Cog5,1,1
Appbp2,1,1
Cd46,1,1
Vps35,1,1
Poc5,1,1
Kirrel,1,1
Rpl35,1,1
4930480K15Rik,1,1
BC005624,1,1
Nrf1,1,1
Epc2,1,1
Lamtor3,1,1
Nell1,1,1
Pag1,1,1
Pias1,1,1
Nfasc,1,1
Ppm1m,1,1
Casp9,1,1
2610306M01Rik,1,1
Slc6a9,1,1
Snhg9,1,1
Mars2,1,1
Klf7,1,1
Adamts9,1,1
Zbtb44,1,1
Brk1,1,1
Ash2l,1,1
Lgmn,1,1
Txndc15,1,1
Tigd2,1,1
Trappc2l,1,1
Fam171a1,1,1
Kdm5c,1,1
Rbm33,1,1
Hebp1,1,1
Pptc7,1,1
Timp4,1,1
Commd8,1,1
Sh3gl1,1,1
Fdps,1,1
Dnah7b,1,1
Pfkp,1,1
Sympk,1,1
Mapk4,1,1
Six3os1,1,1
Pnpla6,1,1
Mrpl53,1,1
Slitrk2,1,1
Pcnx,1,1
Sv2b,1,1
Hs2st1,1,1
E130308A19Rik,1,1
Sall2,1,1
Cfap36,1,1
Itpkb,1,1
Hnrnpl,1,1
Ep300,1,1
Mrgbp,1,1
Las1l,1,1
Miip,1,1
Arid2,1,1
Hectd3,1,1
Zfp354c,1,1
Kcnc1,1,1
Golga4,1,1
Iqgap1,1,1
Isg20l2,1,1
Igsf3,1,1
Cdc14a,1,1
Malt1,1,1
Rprd2,1,1
2300009A05Rik,1,1
Stard8,1,2
Rpl36a,1,1
Safb2,1,1
Pdia6,1,1
Tmem87a,1,1
Adcy1,1,1
Tdrd3,1,1
Klhl9,1,1
Junos,1,1
Dcun1d5,1,1
Eif1,1,1
Hnrnpr,1,1
Ctdsp2,1,1
Tsn,1,1
Abca6,1,1
Pias4,1,1
Wbp1,1,1
Slc17a7,1,2
Rnf139,1,1
Afg3l1,1,1
Tmem135,1,1
Rpl22,1,1
Nr1d1,1,1
Nfix,1,1
Gpr146,1,1
Ctdspl2,1,1
BC031181,1,1
Cyth2,1,1
Adcy6,1,1
Elovl4,1,1
Slc38a3,1,1
Atg3,1,1
Gm10010,1,1
Rabep2,1,1
Armcx3,1,1
Dnajc30,1,1
Atp2b2,1,1
Fam228b,1,1
Asxl2,1,1
Fam129b,1,1
Csnk1d,1,1
Socs7,1,1
Ranbp17,1,1
Vps13a,1,1
Hbegf,1,1
Emc2,1,1
Car8,1,1
Mvb12a,1,1
Shank1,1,1
Med25,1,1
Asna1,1,1
Igf1r,1,2
Tma7,1,1
Suclg2,1,1
Actg1,1,1
Zfp943,1,1
Adra1a,1,1
Hmgn1,1,1
4933431E20Rik,1,1
Plekhg1,1,1
Aamp,1,1
Hells,1,1
Naa15,1,1
Cript,1,1
Isca2,1,0
Snrpa,1,1
Stat3,1,1
Tbc1d9b,1,1
Smarca5,1,1
Ppil4,1,1
Ddx6,1,1
Agbl3,1,1
Hmg20b,1,1
Prdx2,1,1
Naaa,1,1
Enpp2,1,1
Pigo,1,1
Pgbd1,1,1
Ube2v1,1,1
Grina,1,1
Pprc1,1,1
Sdhc,1,1
Cadm3,1,1
Kctd8,1,1
Chrm3,1,1
Pspc1,1,1
Snx14,1,1
Rrbp1,1,1
Btf3l4,1,1
Ric8b,1,1
Ypel2,1,1
Hspa8,1,1
2510009E07Rik,1,1
Lin52,1,1
Nek1,1,1
Samd8,1,1
Jun,1,1
Drap1,1,1
Hpca,1,1
Rffl,1,1
Sdhd,1,1
Mtmr2,1,1
2700062C07Rik,1,1
P4hb,1,1
Idh3g,1,1
Pecr,1,1
Sap30bp,1,1
Irs2,1,1
Gng7,1,1
Tmem41b,1,1
Phf12,1,1
Atpif1,1,1
Arhgef3,1,0
Akap10,1,1
Etv5,1,1
Golga2,1,1
Agrn,1,1
Ptov1,1,1
Cct2,1,1
Cbfa2t2,1,1
Flnb,1,1
Krr1,1,1
Cstf3,1,1
Hist1h2bc,1,1
Ppp1r21,1,1
Saal1,1,1
Aox1,1,1
Gm14410,1,1
Nrp2,1,1
Tmem60,1,1
Serpine2,1,1
Rps5,1,1
Paip2,1,1
Chrac1,1,1
Ttll7,1,1
Snrpd1,1,1
Rspo3,1,1
Ston2,1,1
Ndrg3,1,1
Atp11a,1,1
Tarbp2,1,1
Cul1,1,1
Diablo,1,1
Rab4b,1,1
Znrd1,1,1
Scmh1,1,1
Cdyl,1,1
Slc38a1,1,1
Nsdhl,1,1
Cand1,1,1
Acly,1,1
Rdh11,1,1
Adipor2,1,1
Baz1a,1,1
B3glct,1,1
Lmf1,1,1
Gm17484,1,1
Apc2,1,1
Kifc3,1,1
Cpox,1,1
Mien1,1,1
Nck1,1,1
Mplkip,1,1
Tmem65,1,1
Vcam1,1,1
Hsph1,1,1
Arhgef2,1,1
Tmub2,1,1
Ak1,1,1
Pi4k2b,1,1
Elf2,1,1
Clcn6,1,1
Rps10,1,1
Klhl5,1,1
Flrt1,1,1
Rpl12,1,1
Rnf123,1,1
Timm44,1,1
Mob4,1,1
Lama3,1,1
Ufm1,1,1
Rpn2,1,1
Armc1,1,1
Ddost,1,1
Il33,1,1
Syngr1,1,1
Emg1,1,1
Pigu,1,1
Uqcrc2,1,1
Ccnd2,1,1
Timmdc1,1,1
Nbn,1,1
Pdap1,1,1
Copg2,1,1
Rttn,1,1
Prr14l,1,1
Higd1a,1,1
Tax1bp1,1,1
Idh2,1,1
Hnrnpll,1,1
Fam107b,1,0
Cacna2d2,1,1
Cog3,1,1
Atp6ap2,1,1
Ttyh3,1,1
Msantd2,1,1
Nrg2,1,1
Pcdh10,1,1
BC051226,1,1
Hsd17b7,1,1
Tiam2,1,1
Eif3b,1,1
Naga,1,1
Hist1h1c,1,1
2700046G09Rik,1,1
Ankrd13a,1,1
Zcchc2,1,1
Gm10419,1,1
Gas2,1,1
Tasp1,1,1
Micu2,1,1
Mink1,1,1
Gnpat,1,1
Rps9,1,1
Ngly1,1,1
Col27a1,1,1
Rybp,1,1
Ndufs7,1,1
Zfp707,1,1
Gm17066,1,1
Hmbox1,1,1
Ppp1r16b,1,1
B830012L14Rik,1,1
Nemf,1,1
Dolk,1,1
Pcmtd2,1,1
Yaf2,1,1
Med12l,1,1
Phf3,1,1
Tanc1,1,1
Mef2a,1,1
Memo1,1,1
Ppp6r3,1,1
Emc10,1,1
Arnt,1,1
4932441J04Rik,1,1
Ap1g1,1,1
Rpl18a,1,0
Plp1,1,1
Fgfr1,1,1
Parva,1,1
Mcu,1,1
Abtb1,1,1
Rapgefl1,1,1
S100a16,1,1
Acbd4,1,1
Dcaf5,1,1
Gnptg,1,1
P2ry14,1,1
Cds2,1,1
Uros,1,1
Fndc3a,1,1
Zyg11b,1,1
Orai1,1,1
Atg16l2,1,1
Gm14858,1,1
Smarcc2,1,1
Serinc3,1,1
Coq2,1,1
Tmed10,1,1
Pir,1,1
Tnip2,1,1
Rela,1,1
Mroh7,1,1
Blcap,1,1
Trappc13,1,1
Rab11a,1,1
Eefsec,1,1
Smurf2,1,1
Ric3,1,1
A330076H08Rik,1,1
Timm9,1,1
Fam81a,1,1
Wdr33,1,1
Rnf180,1,0
Eef1b2,1,1
Nbas,1,1
Mir124-2hg,1,1
Cnrip1,1,1
Hace1,1,1
Lhpp,1,1
Gm17167,1,1
Mgmt,1,1
Usp30,1,1
Hist3h2a,1,0
Ndufb5,1,1
Odf2l,1,1
Tnrc6a,1,1
Hdgf,1,1
Alg1,1,1
Btbd7,1,1
Clmn,1,1
Wasl,1,1
Rbm34,1,1
Mthfs,1,1
Nt5dc1,1,1
Uba2,1,1
Ncaph2,1,1
Exoc5,1,1
Ky,1,1
Armc10,1,1
Ndufb10,1,1
Mphosph8,1,1
Pogz,1,1
Canx,1,1
Suco,1,1
Esyt2,1,1
Gm5577,1,1
Prkci,1,1
Hnrnph2,1,1
Gnb2,1,1
Chmp2a,1,0
Nlgn2,1,1
Synj2bp,1,1
Rps2,1,1
Ndufaf1,1,1
Lrch3,1,1
Tbl2,1,1
1700028E10Rik,1,1
Dcaf6,1,1
Cdc73,1,1
Ino80d,1,1
Mrpl55,1,1
Dock11,1,2
Nars,1,1
Parvb,1,1
Sulf2,1,1
U2af2,1,1
Ppp1r14c,1,1
Eif1b,1,1
Bcas2,1,1
Rarg,1,1
Ckap4,1,1
Gprc5b,1,1
Man1b1,1,1
C1qtnf4,1,1
Ndufb7,1,1
Rab21,1,1
Rnf25,1,1
Plod1,1,1
Snx9,1,1
Gemin7,1,1
Ttll5,1,1
Sugt1,1,1
Rplp0,1,1
Aldh7a1,1,1
Cfl1,1,1
1700112D23Rik,1,1
Rpl36,1,1
Tmx2,1,1
Rpe,1,1
Galnt16,1,1
Kif16b,1,1
Hif1an,1,1
Arhgef4,1,1
Plce1,1,1
Uri1,1,1
Btf3,1,1
Dgkz,1,1
Pcgf5,1,1
Eif1ax,1,1
Ankrd12,1,1
Immp1l,1,1
Pdss2,1,1
Pcbd2,1,1
Cd164,1,1
C130036L24Rik,1,1
Ppt2,1,1
Dcps,1,1
Rsrp1,1,1
Cald1,1,1
D130017N08Rik,1,1
Slc35a1,1,1
Tspan33,1,1
Ubl3,1,1
Slc2a8,1,1
Rfng,1,1
Trmt13,1,1
Tmem199,1,1
Elf1,1,1
Rpl19,1,1
Polr2h,1,1
Pank2,1,1
Ankrd50,1,1
Sf3b3,1,1
Cacfd1,1,1
Eef1d,1,1
1110051M20Rik,1,1
Ice1,1,1
Klf15,1,0
Fuca1,1,1
Decr1,1,1
Lipe,1,1
Brat1,1,1
Helz,1,1
Zfp946,1,1
Ncbp1,1,1
Slc38a7,1,1
Lnx1,1,1
Ppp2r5c,1,1
Skp1a,1,1
Tbcb,1,1
Tfrc,1,1
Gzf1,1,1
Bbs4,1,1
Ahsa1,1,0
Hs6st1,1,1
Slc44a1,1,1
Ccdc107,1,1
Agl,1,1
Sept9,1,1
Rer1,1,1
B230217O12Rik,1,1
Wdr36,1,1
Slc16a4,1,1
Wdr45b,1,1
Ncoa7,1,1
Sbf1,1,1
Bcl6,1,1
Rpl6,1,1
Oscp1,1,1
Ap1b1,1,1
Cntln,1,1
P4ha2,1,1
Otud5,1,1
Prdx1,1,1
Ccni,1,1
Gna13,1,1
Tomm5,1,1
Ten1,1,1
Anks3,1,1
Vrk3,1,1
Esf1,1,1
Cdkn2aip,1,1
Mrps28,1,1
Ralgapa2,1,1
Zfp612,1,1
Bola1,1,1
Ugp2,1,1
Prrg2,1,1
F730043M19Rik,1,1
1700084C06Rik,1,1
Ccdc50,1,1
Zfp963,1,1
Aff4,1,1
Fndc4,1,1
Mmd2,1,1
S100b,1,1
Agap1,1,1
Snhg3,1,1
Ino80b,1,1
Gnb1l,1,1
Tmem19,1,1
Idnk,1,1
Tesk2,1,1
Mrpl3,1,1
Lrp6,1,1
Atrx,1,1
Sobp,1,1
Slc30a7,1,1
9430091E24Rik,1,1
Mlf2,1,1
2310015A10Rik,1,1
Eid2,1,1
Eml2,1,1
Lrrc58,1,1
Cox7b,1,1
Nudt13,1,1
Akr1b10,1,1
Slc26a11,1,1
Cdk16,1,1
Pdzrn3,1,1
Ktn1,1,1
Fnip2,1,1
Shc1,1,1
Thada,1,1
Slc25a12,1,1
Mecp2,1,1
Spef2,1,1
Seh1l,1,1
Mrpl57,1,1
Rpain,1,1
Ndufa10,1,1
Radil,1,1
Tank,1,1
Peli1,1,1
Ube2h,1,1
Bms1,1,1
Fbxo9,1,1
Alg2,1,1
C2cd5,1,1
Tac1,1,1
Polr2c,1,1
Klhl13,1,1
Emc4,1,1
Ermp1,1,1
Dexi,1,1
Rpl30,1,1
Jmy,1,1
St13,1,1
Abcc4,1,1
Cttn,1,1
Nfs1,1,1
Eid2b,1,1
Ddx21,1,1
Alg12,1,1
Gm9801,1,1
Ercc3,1,1
Fbxl3,1,1
Gpr162,1,1
Arpc5,1,1
Ap2a1,1,1
Ncapd2,1,1
Mrpl20,1,1
Rnf168,1,1
Gm6277,1,1
Abca8b,1,1
Pcgf6,1,1
Psd,1,1
Hook3,1,1
Ctnna3,1,0
Cachd1,1,1
Ptbp2,1,1
Akr1a1,1,1
Zmiz1,1,1
Opa3,1,1
Ddr1,1,1
Ccdc127,1,1
Ywhag,1,1
Srp14,1,1
Rmdn1,1,1
Rrs1,1,0
Exd2,1,1
M6pr,1,1
Exoc4,1,1
Tmem87b,1,1
Arhgap17,1,1
Taok1,1,1
Gdpd1,1,1
Alg9,1,1
Kifc2,1,1
Ppp1r1a,1,1
Drg1,1,1
Rps3a1,1,1
Nab1,1,1
8030462N17Rik,1,1
Vdac3,1,1
Sec61a1,1,1
Hnrnph3,1,1
Cerk,1,1
Gm15446,1,1
Yipf6,1,1
Hdx,1,1
Dcp1b,1,1
Prkaa2,1,1
Cisd1,1,1
Ttc32,1,1
Zfp260,1,1
Scamp3,1,1
Nxpe3,1,1
Raly,1,1
Fads3,1,1
Zfp821,1,1
Ndufv3,1,1
Emc8,1,1
Gm13684,1,1
Taf2,1,1
Acss3,1,1
Ankzf1,1,1
Iqsec1,1,2
Klhl2,1,1
Maz,1,1
Cry2,1,1
Papola,1,1
Rab24,1,1
Eps8,1,1
2900093K20Rik,1,1
Snx24,1,1
Notch2,1,1
Rasgrp1,1,1
Frmd6,1,1
Idh3b,1,1
Kdm3b,1,1
Gpr156,1,1
Slc39a14,1,1
Ptpn3,1,1
Parp1,1,1
Dstyk,1,1
Rptor,1,1
Ctdp1,1,1
Col4a5,1,1
Tpp1,1,1
Vcl,1,1
Map2k7,1,1
Plekhh2,1,1
Cxxc1,1,1
Flna,1,1
Pacs2,1,1
Trp53bp1,1,1
Ppp3cb,1,1
Rgs4,1,1
Aldh6a1,1,1
Slc16a1,1,1
Commd10,1,1
Ube2j2,1,1
Gpi1,1,1
Ddx47,1,1
Thbs3,1,1
Sfpq,1,1
Ube2d1,1,1
Cltb,1,1
Hyou1,1,1
Pdcd11,1,1
Actr1b,1,1
Phospho2,1,1
Lamtor4,1,1
Ubl5,1,1
Top1,1,1
Nit1,1,1
Spice1,1,1
Arl6ip5,1,1
Mapre2,1,1
Nol8,1,1
Snrpf,1,1
Snx2,1,1
Mrfap1,1,1
Cog1,1,1
Rhbdd3,1,1
Rab10os,1,1
Becn1,1,1
Stmn3,1,1
Cnnm2,1,1
Osbpl8,1,1
Atf7,1,1
Rsl24d1,1,1
Adora1,1,1
Bcas1,1,1
Aacs,1,1
Tmem175,1,1
Dusp3,1,1
Tmem164,1,1
Brd3,1,1
Stk16,1,1
2610021A01Rik,1,1
5031439G07Rik,1,1
Polr3gl,1,1
Fbxl20,1,1
Mgat2,1,1
Fam216a,1,1
Rpl17,1,1
Msl2,1,1
Wdr25,1,1
Slc16a2,1,1
Cox19,1,1
Arl1,1,1
Psma6,1,1
Ppp2r2c,1,1
Vsnl1,1,1
Esrra,1,1
Ppm1b,1,1
Oat,1,1
Ppm1d,1,1
Tmem129,1,0
Fyn,1,1
Fntb,1,1
Pgk1,1,1
Sycp2,1,1
Rpl10,1,1
Pofut1,1,1
Ulk2,1,1
Tgfbr3,1,2
Dph3,1,1
Ahsa2,1,1
Mrps33,1,1
Srgap2,1,1
Rhoa,1,1
Dnajb2,1,1
Arpc2,1,1
Cox7b2,1,1
Kcnn3,1,1
Ampd2,1,1
Mcoln1,1,1
Uqcr10,1,1
Papolg,1,1
Ist1,1,1
Ccdc162,1,1
Osbp2,1,1
Gm11084,1,1
Phtf1,1,1
Rps17,1,1
4930544I03Rik,1,1
Enpp5,1,1
Gdi1,1,1
Pigx,1,1
Otulin,1,1
Nudt21,1,1
Kif21b,1,1
Fgd1,1,1
Acer3,1,1
Cul3,1,1
Dip2b,1,1
Mcm3ap,1,1
Fam193a,1,1
Xpo7,1,1
Ercc6l2,1,1
Map7d2,1,1
Igsf8,1,1
Mif4gd,1,1
Ncoa6,1,1
Hcfc1r1,1,0
Rpl32,1,1
Cers2,1,1
Cd2ap,1,1
Rab31,1,1
Atxn3,1,1
Pip5k1c,1,1
Pmm1,1,1
Nup205,1,1
Sult4a1,1,1
Cltc,1,1
Celsr2,1,1
Rpl24,1,1
Yae1d1,1,1
Snhg12,1,1
Oxa1l,1,1
2900052L18Rik,1,1
Klhl11,1,1
Ercc2,1,1
Heatr3,1,1
Sp4,1,1
Rab6a,1,1
Cyp2d22,1,1
Kin,1,1
Lsm8,1,1
Azin1,1,1
Jade1,1,1
Mgll,1,1
Sbno2,1,1
Ipo11,1,1
2810021J22Rik,1,1
Ube2q1,1,1
Fyco1,1,1
Abcc5,1,1
Hexb,1,1
Pld2,1,1
Tgoln1,1,1
Swt1,1,1
Egln1,1,1
Commd3,1,1
Fig4,1,1
Brinp2,1,1
Mrpl51,1,1
Abcf2,1,1
Pdcd10,1,1
Pus7,1,1
Fam214a,1,1
Lin7c,1,1
Leprot,1,1
Dhx57,1,1
Osbpl6,1,1
Mtm1,1,1
Impad1,1,1
Nek7,1,1
Usp19,1,1
Zfp579,1,1
Nt5c3b,1,1
Zfat,1,1
Pkn2,1,1
Camsap2,1,1
Chchd6,1,1
Wdr37,1,1
Nyap2,1,1
Arl5b,1,1
Uvrag,1,1
Ccnc,1,1
Gm15246,1,1
Rps15a,1,1
Taok2,1,1
Slc22a4,1,1
Syn3,1,1
Prdm11,1,1
Id4,1,1
Vash1,1,1
Pum1,1,1
Gm10076,1,1
Zmym1,1,1
Fads1,1,0
Emc6,1,1
Gga1,1,1
Gcc2,1,1
Tmem39b,1,1
Fam151b,1,1
Chst1,1,1
Snx10,1,2
Rnf44,1,1
Adamts16,1,1
Khdrbs3,1,1
Lonrf3,1,1
Tcp1,1,1
Notch3,1,1
Arl8a,1,1
Pfkfb4,1,1
Matr3,1,1
Mogs,1,1
Mro,1,1
Nsmce1,1,1
Abhd8,1,1
Klhl24,1,1
Klhl18,1,1
Dph7,1,1
Rtn4ip1,1,1
Parp12,1,1
Acsbg1,1,1
Suclg1,1,1
Dynlrb1,1,1
Uba5,1,1
Cpsf3,1,1
Mvk,1,1
6430548M08Rik,1,1
Cnppd1,1,1
Txndc9,1,1
Guf1,1,1
Nedd4,1,1
Wdr73,1,1
Psmc5,1,1
Gm26672,1,1
Tmem218,1,1
Ecsit,1,1
Trmt6,1,1
Fbxw5,1,1
Armc8,1,1
Zfp457,1,1
Usp25,1,1
Dld,1,1
Plekhj1,1,1
Rps26,1,1
Lss,1,1
Antxr2,1,1
Itpr2,1,1
Fcho2,1,1
Bcr,1,1
Ormdl2,1,1
Vdac2,1,1
Twistnb,1,1
Zfp568,1,1
Caprin1,1,1
Ypel3,1,1
Zfp934,1,1
Synj1,1,1
Dnttip1,1,1
Il18,1,1
B4galt3,1,1
Rps3,1,1
Sirt3,1,1
Usp32,1,1
Pon2,1,1
Rnf167,1,1
Sqstm1,1,1
Arel1,1,1
Gm10037,1,1
Stpg2,1,1
Gm14391,1,0
Mcl1,1,1
Smim20,1,1
Trim28,1,1
Erap1,1,1
Cog7,1,1
Rab11b,1,1
Wasf2,1,1
Echdc1,1,1
Serp1,1,1
Atxn10,1,1
Sin3b,1,1
Nufip2,1,1
Dpagt1,1,1
Ndufb9,1,1
Olfm3,1,1
Gapvd1,1,1
Grn,1,1
Ankmy2,1,1
Lrrc9,1,1
Gm15564,1,1
Tet1,1,1
Srsf1,1,1
Mrpl30,1,1
Slc25a51,1,1
Tnks,1,1
Atp2c1,1,1
Zmym5,1,1
Nudt2,1,1
Atp5j2,1,1
Ogfod1,1,1
Bmp2k,1,1
Lsm12,1,1
Isca1,1,1
4930512B01Rik,1,1
Kctd21,1,1
Naa38,1,1
Rab8a,1,1
Cux2,1,1
Iqsec2,1,1
Bckdhb,1,1
Sv2a,1,1
Klhl15,1,1
Szrd1,1,1
2410006H16Rik,1,0
Psmd5,1,1
Snapin,1,1
Fkbp8,1,1
Heca,1,1
Dlg4,1,1
Crtc3,1,1
Bcl2l13,1,1
Ddx1,1,1
Pcdhb17,1,1
Pik3r4,1,1
Zfp664,1,1
Zcwpw2,1,1
2700069I18Rik,1,1
Mis12,1,1
Klf8,1,1
Mgst3,1,1
Fam135a,1,1
Vbp1,1,1
Senp6,1,1
Mettl4,1,1
Ndrg4,1,1
2810001G20Rik,1,1
Alg13,1,1
Prox1,1,1
R3hdm4,1,1
Hibch,1,1
Ap3m1,1,1
Golm1,1,1
H1f0,1,1
Zgpat,1,1
Ccl25,1,1
Foxo3,1,1
Gm17655,1,1
Pard6g,1,1
Calm3,1,1
Tspan12,1,1
Msrb3,1,1
Rpl21,1,1
Lztr1,1,1
Atp6v1d,1,1
Ptgds,1,1
Ccdc174,1,1
Alpk1,1,1
Hk1,1,1
D1Ertd622e,1,1
Fam114a2,1,1
Uimc1,1,1
Rps11,1,1
Rps4x,1,1
Tprgl,1,1
Camkv,1,1
Bcs1l,1,1
Sept2,1,1
Ndufa2,1,0
Uhrf2,1,1
Clic4,1,1
Calu,1,1
Cpped1,1,1
Cdk17,1,1
Stk35,1,1
Med24,1,1
Gm17750,1,1
Prdm2,1,1
Cic,1,1
Edem1,1,1
Atp13a2,1,1
Rsl1d1,1,1
Eef1a1,1,1
Nde1,1,1
Nphp1,1,1
Hint1,1,1
Arhgef37,1,1
BC052040,1,1
Slc2a1,1,1
Zbtb10,1,1
Ccdc167,1,1
Stk19,1,1
Pdcd5,1,1
Tatdn3,1,1
Rps6kc1,1,1
U2af1,1,1
Pus3,1,1
Mterf4,1,1
Ehmt1,1,1
Lpcat1,1,1
Clec16a,1,1
Ogfrl1,1,1
Zfp276,1,1
Grk6,1,1
Rpl5,1,1
Prmt2,1,1
Zbtb4,1,1
Rb1,1,1
Entpd5,1,1
Ibtk,1,1
Limd1,1,1
Elavl3,1,1
Itfg2,1,1
Gm29237,1,1
Mia3,1,1
Tob1,1,1
Cdh11,1,1
Slx4ip,1,1
Tmem259,1,1
Edc4,1,1
Pdzrn4,1,1
Cnpy2,1,1
Rundc3a,1,1
Snrnp40,1,1
Rhoj,1,1
Lman2,1,1
Kctd6,1,1
Mnat1,1,1
Ssh1,1,1
Mrps18a,1,1
Gm14325,1,1
Fer,1,1
Wdr1,1,1
Ginm1,1,1
Bri3bp,1,1
Dph6,1,1
Gpx4,1,1
Dbn1,1,1
Sar1b,1,1
Hddc2,1,1
Morf4l1,1,1
Marcks,1,1
Hey1,1,1
Zfp131,1,1
Trp53inp2,1,1
Rps6ka3,1,1
Eif2s3x,1,1
H3f3b,1,1
Sin3a,1,1
Rpl29,1,1
Pla2g15,1,1
Crls1,1,1
Gm11508,1,1
Tnfrsf19,1,1
Dnajc13,1,1
Nop9,1,1
Mthfsd,1,1
Tmem9,1,1
Snx25,1,1
Fbxo7,1,1
Ddrgk1,1,1
Man2c1os,1,1
Nrbp1,1,1
Slc39a1,1,1
Hps5,1,1
Crip2,1,1
Fgd4,1,1
Rars2,1,1
Lamc1,1,1
Ankrd44,1,1
Itga7,1,1
Bet1,1,1
Ppp2r3a,1,1
Kif13b,1,1
Mpped2,1,1
Trim17,1,1
D11Wsu47e,1,1
Fstl4,1,1
Rtkn,1,1
Ccdc57,1,1
Pak1ip1,1,1
Zfp869,1,1
Mfsd11,1,1
Nif3l1,1,1
Mff,1,1
Ssr4,1,1
Prmt7,1,1
Gtf2b,1,1
Gm26782,1,1
AI413582,1,1
Lrp8os2,1,1
Zbtb46,1,1
Tdp1,1,1
Trappc10,1,1
Fbxo31,1,1
Cyp4f17,1,1
Sipa1l2,1,1
Agpat5,1,1
Ambra1,1,1
Slc37a3,1,1
Stx1a,1,1
Fads6,1,1
Fmr1,1,1
Gabra4,1,1
Tbc1d24,1,1
Rpsa,1,1
P4ha1,1,1
Lrch1,1,1
Tdrd7,1,1
Capn2,1,1
Foxn2,1,1
Pias3,1,1
Ncbp2,1,1
Rsph10b,1,1
Ift27,1,1
Ppp2r2a,1,1
Rps20,1,1
Zfp715,1,1
Plscr4,1,1
Upf2,1,1
Mical2,1,1
Wwc2,1,1
Gemin2,1,1
Adprm,1,1
Map1lc3a,1,1
Ccdc92,1,1
Gm8098,1,1
1700025G04Rik,1,1
Zfp952,1,1
Pisd,1,1
Ssrp1,1,1
Gm14966,1,1
Tipin,1,1
Bsdc1,1,1
Mmadhc,1,1
Spire1,1,1
Nup155,1,1
AW047730,1,0
Sec61g,1,1
Airn,1,1
Lcor,1,1
Ube2i,1,1
Rexo4,1,1
Pfn1,1,1
Pdcd4,1,1
Gsr,1,1
Gripap1,1,1
Rbbp4,1,1
Eif2s1,1,1
Sltm,1,1
Snx21,1,1
Ywhab,1,1
Lsm14a,1,1
Vps8,1,1
Chkb,1,1
Fbf1,1,1
Ust,1,1
Ubxn6,1,1
Tm9sf4,1,1
Nhlrc2,1,1
Tmed7,1,1
Necap2,1,1
Tra2b,1,1
Map3k5,1,2
Josd2,1,1
Pced1b,1,1
Ttc21b,1,1
Ccdc148,1,1
Ttc7,1,1
Maoa,1,1
Trappc3,1,1
Fance,1,1
Slc26a8,1,1
AI987944,1,1
Btrc,1,1
Aptx,1,1
C230037L18Rik,1,1
Epm2a,1,1
Thy1,1,1
Sox4,1,0
Fam207a,1,1
Ikbkb,1,1
Rgs12,1,1
Dgcr6,1,1
Rapgef3,1,1
Eif2ak3,1,1
Fam49a,1,1
Plxnb2,1,1
Tmco3,1,1
Zfp354a,1,1
Hspbap1,1,1
Polr1d,1,1
Camkk2,1,1
Sox9,1,1
Cep19,1,1
Dvl3,1,1
Fxr1,1,1
Rpl4,1,1
Lyn,1,1
Dnajc15,1,1
Dmwd,1,1
Aig1,1,1
Dapk1,1,1
Ssr2,1,1
Cnih2,1,1
A730017L22Rik,1,1
Nkiras1,1,1
Mrpl43,1,1
C030037D09Rik,1,1
Bicc1,1,1
Mrpl27,1,1
Mms22l,1,1
Polg,1,1
Sass6,1,1
Ankle2,1,1
Rnf187,1,1
Igfbp5,1,1
Dnajb9,1,1
Keap1,1,1
2700097O09Rik,1,1
Dhx9,1,1
Bbs12,1,1
Acaa2,1,1
Lin9,1,1
Gtf2ird1,1,1
Ranbp1,1,1
Polr3c,1,1
Spsb1,1,1
Pnmal1,1,1
N4bp1,1,1
Tmbim4,1,1
Mpzl1,1,1
Prkacb,1,1
Fam222b,1,1
Pex6,1,1
Ndufs8,1,1
Cfdp1,1,1
Fhdc1,1,1
Trim39,1,1
Slc25a40,1,1
Med20,1,1
Map3k1,1,1
Exosc3,1,1
Rab36,1,1
1110059E24Rik,1,1
Cdh4,1,1
Nsun6,1,1
Penk,1,1
Acp2,1,1
Ostm1,1,1
Cln3,1,1
Atg7,1,1
Msl1,1,1
Mrps26,1,1
Smarcd3,1,1
Ptpmt1,1,1
Spg20,1,1
Plk2,1,1
Rufy2,1,1
Zbtb24,1,1
Txn1,1,1
Rev1,1,1
Pinx1,1,1
Nicn1,1,1
Endod1,1,1
Cyp20a1,1,1
Efcab14,1,1
Minpp1,1,1
Dhx38,1,1
Zbtb11,1,1
Prr13,1,1
Clip3,1,1
Smn1,1,1
Lpin2,1,1
Rell1,1,1
Ammecr1l,1,1
Ltbp3,1,1
Pcp4,1,1
Cnot2,1,1
St3gal5,1,1
Luc7l,1,1
Jagn1,1,1
Atg4a,1,1
Coq10b,1,1
Arhgef1,1,1
Tcf3,1,1
Traf6,1,1
Nadk,1,1
Ttll11,1,1
Il17rd,1,1
Zzef1,1,1
Ciapin1,1,1
Pomt2,1,1
Mettl21a,1,1
Acvr1,1,1
Grpel2,1,1
Ndufs5,1,1
Baz2a,1,1
Gm4221,1,1
Tsen34,1,1
Syf2,1,1
Ppp2r2d,1,1
Pdk3,1,1
Pitrm1,1,1
Ppdpf,1,1
Arhgap44,1,1
Usp33,1,1
Echs1,1,1
Vkorc1,1,1
Mapk1,1,1
Gm15813,1,1
Mlh1,1,1
Plek,1,1
Med13,1,1
Tmem246,1,1
Gm15336,1,1
Psmc6,1,1
Arl6ip4,1,1
Psmd2,1,1
Jup,1,1
Asah2,1,1
E230016M11Rik,1,1
Il11ra1,1,1
Rala,1,1
Surf4,1,1
Plagl2,1,1
Zfp956,1,1
Usp6nl,1,1
Uqcrb,1,1
Pigs,1,1
Dynll1,1,1
Adss,1,1
Tmem214,1,1
Enc1,1,1
Flad1,1,1
Inafm1,1,1
Tyw1,1,1
Srcap,1,1
Cetn3,1,1
Eif4e,1,1
Irak2,1,1
Rbmxl1,1,1
Ublcp1,1,1
Zfp62,1,1
Zfp9,1,1
Slc25a36,1,1
Ndufa7,1,1
Rdh14,1,1
Hivep1,1,1
Smim14,1,1
Rnps1,1,1
Leo1,1,1
Gnb5,1,1
Tmem47,1,1
Tfb1m,1,1
Tbc1d15,1,1
Plgrkt,1,1
Dtnbp1,1,1
Ppargc1a,1,1
Rwdd3,1,1
Zfp235,1,1
Acp6,1,1
Ube2b,1,1
Wdr78,1,1
Brd1,1,1
Pfkl,1,1
Acot7,1,1
Pbx3,1,1
Mknk1,1,1
Tbc1d19,1,1
Ift20,1,1
Naa20,1,1
4632404H12Rik,1,1
Twf1,1,1
Chp1,1,1
Ccdc43,1,1
Gtf2h2,1,1
Tmem245,1,1
Crat,1,1
Zfp51,1,1
Gm10785,1,1
Pdpr,1,1
Satb1,1,1
Zfp651,1,1
Gm5089,1,1
Trnt1,1,1
Mcts2,1,0
Gm17106,1,1
Dusp6,1,0
Dnajb11,1,1
Zfp827,1,1
0610043K17Rik,1,1
Snrpb,1,1
Tceal8,1,1
Snrpg,1,1
Elk4,1,1
6530409C15Rik,1,1
Ngdn,1,1
Cwc25,1,1
A230009B12Rik,1,1
Gm26542,1,1
Gfm1,1,1
Etnppl,1,1
Cep350,1,1
Cenpv,1,1
Rftn2,1,1
Aldoa,1,1
Gorasp2,1,1
Scamp1,1,1
1700109K24Rik,1,1
Sphkap,1,1
Brap,1,1
Zfpl1,1,1
Gm9828,1,1
Gns,1,1
Atp5a1,1,1
Smap2,1,1
Ubb,1,1
Abcc10,1,1
Psmd13,1,1
Shank2,1,1
Manea,1,1
2010300C02Rik,1,1
Gm12940,1,1
Sil1,1,1
Car11,1,1
Rpl31,1,1
Rab23,1,1
Ap3b1,1,1
Spin1,1,1
Wbp2,1,1
Itgb1bp1,1,1
Ccdc88c,1,1
Sarnp,1,1
Ipo7,1,1
B230354K17Rik,1,1
Entpd1,1,1
Chd5,1,1
Rimklb,1,1
5330438D12Rik,1,1
Zbtb9,1,1
Apbb2,1,1
Tug1,1,1
Tmem234,1,1
Birc2,1,1
Tpst2,1,1
Exoc7,1,1
Decr2,1,1
Lcat,1,1
Zfp513,1,0
Pqlc1,1,1
Exosc9,1,1
Fzd3,1,1
Zfp110,1,1
Tspan9,1,1
Sc5d,1,1
Coa3,1,1
Hnrnpa0,1,1
Dhx35,1,1
Vps37c,1,1
Txndc17,1,1
Rabggtb,1,1
Mccc2,1,1
Tpd52l2,1,1
Fam98b,1,1
Kmt2b,1,1
Cdk10,1,1
Sept1,1,1
Ikbip,1,1
Stam,1,1
Dus1l,1,1
Lasp1,1,1
AI597479,1,1
Ppp1ca,1,1
Limk2,1,1
Actl6a,1,1
Slc23a2,1,1
Ctbp1,1,1
Pkm,1,1
Atg13,1,1
Arsg,1,1
Snx30,1,1
Ndufa6,1,1
Zfp566,1,1
Dync1li1,1,1
Aqr,1,1
Pcyox1l,1,1
Bmi1,1,1
Wdr4,1,1
Atp6v1h,1,1
Snapc1,1,1
Rpl7l1,1,1
Gkap1,1,1
Rnaseh2b,1,1
Dhx33,1,1
Acap3,1,1
Rlf,1,1
Smim15,1,1
Naa60,1,1
Ppp1r14b,1,1
Chsy1,1,1
Smad2,1,1
Zbtb5,1,1
Pus10,1,1
E530011L22Rik,1,1
Csf2ra,1,1
Slc30a6,1,1
Asb6,1,1
Fbxw7,1,1
2610301B20Rik,1,1
Samm50,1,1
Axin2,1,1
Rnh1,1,1
Aga,1,1
Snap29,1,1
Psma2,1,1
Tef,1,1
Lca5,1,1
6230400D17Rik,1,1
Samd5,1,1
Supt4a,1,1
Foxp4,1,1
Bclaf1,1,1
4930506C21Rik,1,1
Fbxo8,1,1
Wdr12,1,1
Mterf1a,1,1
Sptbn2,1,1
Slitrk5,1,1
Olfm1,1,1
Gnaz,1,1
Rnf126,1,1
Wrb,1,1
Arpc4,1,1
Aph1a,1,1
Dcbld2,1,1
Dnal4,1,1
Ndufa9,1,1
Thap4,1,1
Xrcc1,1,1
Capn7,1,1
Nabp1,1,1
Sirt4,1,1
Rhoq,1,1
Atp6v1g2,1,1
Igsf21,1,1
Pttg1ip,1,1
Adam11,1,1
Atxn7l1,1,1
Wbp4,1,1
Nudt3,1,1
Tm7sf3,1,1
Rps7,1,1
Trim44,1,1
Arpc3,1,1
Slbp,1,1
Prpf40b,1,1
Abat,1,1
Ipo13,1,1
2310039H08Rik,1,1
Pigl,1,1
Arv1,1,1
Slc12a6,1,1
Cables1,1,1
Vegfa,1,1
Ndufaf2,1,1
0610009L18Rik,1,1
Rae1,1,1
Zfp945,1,1
Mtmr14,1,1
Crebrf,1,1
Map4,1,1
Kif1a,1,1
Sox11,1,1
Hsp90ab1,1,1
Slirp,1,1
Ano4,1,1
Pacsin2,1,1
Zw10,1,1
Prkcd,1,1
Pef1,1,1
Zdhhc20,1,1
Galnt11,1,1
Kpna1,1,1
Sntg2,1,1
B930095G15Rik,1,1
Ccdc141,1,1
Raver2,1,1
Ciz1,1,1
Snrpn,1,1
Mpp6,1,1
Pdik1l,1,1
Hsf1,1,1
Rnmt,1,1
Lrrc41,1,1
Bcas3os1,1,1
H2-Ke6,1,1
Sri,1,1
Pgp,1,1
Smad9,1,1
Cenpt,1,1
Paf1,1,1
Sec61a2,1,1
Ero1lb,1,1
Lamtor5,1,1
Rars,1,1
Tbccd1,1,1
Pqlc2,1,1
Epas1,1,1
Klhdc4,1,1
Ppfibp2,1,1
Akt1s1,1,1
Phldb2,1,1
Otud4,1,1
Sdk2,1,1
Ndufa1,1,1
Morn4,1,1
Metap1d,1,1
Sbds,1,1
Eya1,1,1
Dpp9,1,1
Get4,1,1
Asb7,1,1
Fem1c,1,1
Zbtb2,1,1
Tomm6,1,1
Blvrb,1,1
Map2k6,1,1
Mttp,1,1
Gnl2,1,1
Hccs,1,1
Dzip1l,1,1
Asah1,1,1
Daam2,1,1
Taok3,1,1
Prkar1a,1,1
Eed,1,1
Eepd1,1,1
Zfp334,1,1
Gpbp1l1,1,1
B4galt7,1,1
Snx29,1,1
G2e3,1,1
Gfm2,1,1
Lrrc57,1,1
Phf5a,1,1
Peak1,1,1
Gm1673,1,0
Dnajc19,1,1
Slc15a2,1,1
Ndufaf6,1,0
Sumf2,1,1
Ikzf5,1,1
Hsd17b4,1,1
Ppme1,1,1
Lrig2,1,1
Snapc3,1,1
Sorbs2os,1,1
1110038F14Rik,1,1
Gm29443,1,1
Ccdc157,1,1
Ankib1,1,1
Dus3l,1,1
Hagh,1,1
Nos1ap,1,1
Taf15,1,1
Zhx1,1,1
Nxn,1,1
Dnlz,1,1
Fam20a,1,1
Wdr48,1,1
Spryd3,1,1
Stk10,1,1
9330162012Rik,1,1
Vars2,1,1
Chd3,1,1
Dzank1,1,1
Fhit,1,1
Sik2,1,1
Hdac3,1,1
Rnf111,1,1
Rnf215,1,1
Plekhn1,1,1
Chadl,1,1
4931406C07Rik,1,1
Htr1f,1,1
Zranb3,1,1
Gm16286,1,1
Txlng,1,1
Zfp248,1,1
Cplx1,1,1
Rap1gap,1,1
Casc3,1,1
Dok5,1,1
Prrg1,1,1
March2,1,1
Nsa2,1,1
Strap,1,1
Pibf1,1,1
Bpnt1,1,1
Unk,1,1
Leng8,1,1
Abhd17a,1,1
Pi4k2a,1,1
Asb3,1,1
Dennd4a,1,1
Cpne3,1,1
Tiparp,1,1
Rnpepl1,1,1
Jak2,1,1
Rbmx,1,1
Tab1,1,1
Gm15601,1,1
D930016D06Rik,1,1
Ndufa5,1,1
Anp32a,1,1
Gabarapl1,1,1
Ankrd13b,1,1
Cpne1,1,1
Gna11,1,1
Psmb5,1,1
Pcif1,1,1
Rbm22,1,1
Ift46,1,1
Rrp1,1,1
Atp5o,1,1
Cnbp,1,1
Top2b,1,1
Idi1,1,1
Ddit4l,1,1
Frem2,1,1
Zfp639,1,1
Mlec,1,1
Rasgef1a,1,1
Atf6,1,1
Psmd1,1,1
Nsmaf,1,1
Pdk2,1,1
Zfp61,1,1
Cebpz,1,1
Mboat7,1,1
Insr,1,1
Pura,1,1
Nae1,1,1
Ppm1h,1,1
Pnkd,1,1
Ldb2,1,0
Nat10,1,1
9630001P10Rik,1,1
Mrps35,1,1
Arglu1,1,1
Cep89,1,1
Furin,1,1
Taf6,1,1
Gabbr1,1,1
Polr3b,1,1
Hsd17b11,1,1
Col23a1,1,1
Fam53a,1,1
Wdr44,1,1
Ubfd1,1,1
Zc3h18,1,1
Tfg,1,1
Arhgef18,1,1
Pin1,1,1
Atf2,1,1
Cox7a2l,1,1
Nup133,1,1
Inpp5f,1,1
Tmem128,1,1
Atp13a3,1,1
Vps37a,1,1
Rexo1,1,1
Plxna2,1,1
Car5b,1,1
Zbtb18,1,1
Zfp668,1,1
Slc25a19,1,1
1810058I24Rik,1,0
Commd7,1,1
Med8,1,1
Lrrc8a,1,1
9430015G10Rik,1,1
Slc27a4,1,1
Mterf3,1,1
Azi2,1,1
Nme5,1,1
Manbal,1,1
Mga,1,1
Gm12353,1,1
Stambp,1,1
Ap3s2,1,1
Gas2l1,1,1
4933439C10Rik,1,1
Pacsin1,1,1
Kdsr,1,1
C2cd2,1,1
Mief1,1,1
Ddx19a,1,1
Clcn3,1,1
Atpaf2,1,1
Rnf24,1,1
Rabl6,1,1
Rbx1,1,1
Zfp933,1,1
Sf3b4,1,1
Snhg4,1,1
Hdac4,1,2
Nop14,1,1
Cdc23,1,1
Ergic2,1,1
Rnf31,1,1
Caml,1,1
Napa,1,1
Igdcc3,1,1
Jazf1,1,2
Snap23,1,1
Zkscan17,1,1
Tgfbr1,1,1
Fnbp1l,1,1
D430042O09Rik,1,1
Wdr5,1,1
Xpnpep1,1,1
Dcakd,1,1
Gnal,1,1
Tnfrsf21,1,1
Mul1,1,1
Rnf38,1,1
Gm20713,1,1
Farsa,1,1
Aars,1,1
Ostc,1,1
Psmb7,1,1
Bpgm,1,1
Mrrf,1,1
Clk2,1,1
1110008P14Rik,1,1
Mtdh,1,1
Alk,1,2
Mtch1,1,1
Gm10644,1,1
Dazap1,1,1
Sptlc1,1,1
Rab11fip2,1,1
Zfp74,1,1
Xpot,1,1
Lrtm2,1,1
Ybx1,1,1
Ccdc34,1,2
Tm9sf3,1,1
Ino80,1,1
Ints10,1,1
Kdm5a,1,1
E130307A14Rik,1,1
Flot2,1,1
Rab11fip3,1,1
Rpl13a,1,1
Gabpb1,1,1
Krt10,1,1
Pex1,1,1
Trim33,1,1
Hmgxb4,1,1
Golph3,1,1
Phax,1,1
Evi5,1,1
Clk1,1,1
Ttc17,1,1
Mecr,1,1
Cc2d1a,1,1
Ralgds,1,1
Atp6v1b2,1,1
Snd1,1,1
Atad1,1,1
Gng12,1,1
Psmf1,1,1
Cfap20,1,1
D8Ertd738e,1,1
Acin1,1,1
Zcchc24,1,1
Map2k2,1,1
Sec63,1,1
Eny2,1,1
Mical3,1,1
Skiv2l,1,1
Cdc14b,1,1
Dpp3,1,1
Sec14l2,1,1
Uqcrfs1,1,0
Hexdc,1,1
Lipa,1,1
Ift74,1,1
Nsg1,1,1
Gdpd3,1,1
Prpsap1,1,1
Rad51b,1,2
4930556N13Rik,1,1
Hdhd2,1,1
Fdxr,1,1
Zfp113,1,1
4833422C13Rik,1,1
Mtcp1,1,1
Dkc1,1,1
Cwc15,1,1
Matn4,1,1
P4ha3,1,1
Ago2,1,1
Ubn1,1,1
Wipi2,1,1
Gm960,1,1
Fundc1,1,1
Mitd1,1,1
Zcchc18,1,1
Dner,1,1
Gulp1,1,1
Map3k7,1,1
Ddx42,1,1
Zscan26,1,1
Mast3,1,1
Plekhf2,1,1
Coro1c,1,1
Chchd1,1,0
Nup107,1,1
Trim23,1,1
Abcd2,1,1
Eaf1,1,1
Dnajb4,1,1
2810403D21Rik,1,1
Rpl8,1,1
A330032B11Rik,1,1
Mthfsl,1,1
Rmi1,1,1
Nuak1,1,1
Aimp1,1,1
Atr,1,1
Tbp,1,1
Cnot8,1,1
Sec23ip,1,1
Chfr,1,1
Me2,1,1
Cdkl5,1,1
Dapk3,1,1
Mpp1,1,1
Tmem170b,1,1
L3mbtl3,1,1
Ppard,1,1
Gigyf2,1,1
Inpp4a,1,1
Asxl1,1,1
Usp47,1,1
Qdpr,1,1
Mrps17,1,1
Sall3,1,1
Frg1,1,1
Calcoco1,1,1
Sh3bgrl3,1,1
Arcn1,1,1
Tmem241,1,1
Nfkb1,1,1
Tspan4,1,1
Kantr,1,1
Zfp280c,1,1
Akirin1,1,1
Mcrs1,1,1
Tmc7,1,1
Arhgef6,1,1
Exoc1,1,1
Rilpl2,1,1
Smarca1,1,1
Mkln1,1,1
Gpr19,1,1
Kcnj10,1,1
Tmem229a,1,1
Hnrnph1,1,1
Ltv1,1,1
Rgs9,1,1
Glcci1,1,1
Dnhd1,1,1
Iqcc,1,1
Crnkl1,1,1
Gm26803,1,1
Egln2,1,1
Gtf3c5,1,1
Slc20a2,1,1
Mtch2,1,1
Bmpr2,1,1
Usp49,1,1
Itpk1,1,1
Mrps15,1,1
Etf1,1,1
Tmed9,1,1
Med15,1,1
Wwp1,1,1
Mtif3,1,1
Urgcp,1,1
Herpud1,1,1
9930021J03Rik,1,1
Numb,1,1
Lztfl1,1,1
Dhdh,1,1
Tmed5,1,1
Rbms3,1,1
Naa35,1,1
Pigh,1,1
Mpv17,1,1
Tmem50b,1,1
Slc39a7,1,1
Ephx1,1,1
Stmn2,1,1
Tmx3,1,1
Ctc1,1,1
Elp4,1,1
Ggh,1,1
Ankrd29,1,1
Ndufb8,1,1
Cox11,1,1
Lias,1,1
Psmb2,1,1
Mettl23,1,1
Ppox,1,1
Wrap73,1,1
Ubox5,1,1
Sycp3,1,1
Rsph9,1,1
Nop2,1,1
Zfand1,1,1
Slc41a1,1,1
Rbm28,1,1
Taf13,1,1
Lnx2,1,1
Zbtb43,1,1
Ralbp1,1,1
Bicd2,1,1
Zcchc9,1,1
Spata17,1,1
Zfp365,1,1
Wdfy2,1,1
Pggt1b,1,1
Rps6,1,1
Erich1,1,1
Gnpnat1,1,1
Naa25,1,1
Bnip2,1,1
Scamp2,1,1
Pla2g12a,1,1
Eml4,1,1
Hax1,1,1
Pnn,1,1
Bod1l,1,1
Iqch,1,1
Taf1b,1,1
Pls3,1,1
Zdhhc24,1,1
Col16a1,1,1
Atp8b2,1,1
Vapb,1,1
Adcy3,1,1
Otud6b,1,1
St7l,1,1
Rpl15,1,1
Atp5d,1,1
Ap4e1,1,1
Ranbp6,1,1
Psmg2,1,1
Tep1,1,1
Rpl27a,1,1
Tmem192,1,1
Fam149b,1,1
Srek1ip1,1,1
Rsu1,1,1
Chmp5,1,1
Sacs,1,1
Smpd4,1,1
Prpf3,1,1
Msh2,1,1
Sema4d,1,1
Aldh5a1,1,1
Ssna1,1,1
Necab1,1,1
Fbxl7,1,1
4933421O10Rik,1,1
BC029722,1,1
Tomm20,1,1
Lrrn2,1,1
Ski,1,1
Rap2b,1,0
Pcnt,1,1
Tardbp,1,1
Atl1,1,1
Etfa,1,1
Glis2,1,1
Med28,1,1
Nudc,1,1
Ptar1,1,1
Usp16,1,1
Golim4,1,1
Gramd1a,1,1
Ranbp3,1,1
1810026B05Rik,1,1
Pdxk,1,1
Zfp653,1,1
Celrr,1,1
Alkbh7,1,1
Anxa5,1,1
Atp9a,1,1
Zscan29,1,1
Zfp868,1,1
Tubb4a,1,1
Mtrf1l,1,0
Coq3,1,1
Ptpn9,1,1
Syn1,1,1
Taf1d,1,1
Gmcl1,1,1
Pxmp4,1,1
Ptpn12,1,1
Hdac11,1,1
Mtrf1,1,1
Efr3a,1,1
Zmat4,1,2
Fbxo33,1,1
D16Ertd472e,1,1
Trub2,1,1
Nol4l,1,1
Rnaset2b,1,1
Gm27241,1,0
Mrps6,1,1
Hspa12a,1,1
Pigg,1,1
Klhl7,1,1
Rcn2,1,1
2900005J15Rik,1,1
Zfp414,1,1
Ncoa5,1,1
Pcdh1,1,1
Smu1,1,1
Fndc3b,1,1
Pygo2,1,1
Txndc12,1,1
Vopp1,1,1
Ccdc82,1,1
4932443L11Rik,1,1
Arnt2,1,1
Pink1,1,1
Atg16l1,1,1
Ndufb2,1,1
Cbx3,1,1
Mettl2,1,1
Gm15886,1,1
Nedd9,1,1
Lrrc59,1,1
Rab5c,1,1
Iscu,1,1
Ccnl2,1,1
Elp5,1,1
Clk4,1,1
Nfxl1,1,1
Usp15,1,1
Scn1b,1,1
Cited2,1,0
Zer1,1,1
Apopt1,1,1
Fam199x,1,1
Ttc33,1,1
Lrrc29,1,1
H2afv,1,1
Txndc11,1,1
Ascc2,1,1
Bex2,1,1
Usp14,1,1
Zbed3,1,1
4632427E13Rik,1,0
Dhx30,1,1
Zfp362,1,1
Snx7,1,1
Cyhr1,1,1
Sparc,1,1
Csrp1,1,1
A430033K04Rik,1,1
Senp8,1,1
Sdc3,1,1
Akt1,1,1
Mrpl34,1,0
Apbb1,1,1
Trmu,1,1
Parg,1,1
Surf1,1,1
Arih2,1,1
Pfdn6,1,1
Uchl1,1,1
Mlh3,1,1
Ran,1,0
Rbm15,1,1
Pdxdc1,1,1
Brwd3,1,1
Utp6,1,1
Cyb5b,1,1
Ubxn2b,1,1
Snf8,1,1
Eif5a,1,1
Lrrc14,1,1
Slc50a1,1,1
Catsper2,1,1
Ing3,1,1
Ankrd49,1,1
Gm17227,1,1
Rest,1,1
Rap1gds1,1,1
3300002I08Rik,1,1
Cep290,1,1
Thoc5,1,1
Hlcs,1,1
Bbs5,1,1
Tsfm,1,1
Dab2,1,1
Atp5l,1,1
Prox2,1,1
Gmeb1,1,1
Adam17,1,1
Tln2,1,1
Prpf4,1,1
Vegfb,1,1
4930545L23Rik,1,1
Ivd,1,1
Rgcc,1,1
Brms1l,1,1
Gle1,1,1
Slc38a10,1,1
Gm12709,1,1
Kbtbd3,1,1
Nphp4,1,1
Rnf13,1,1
Znrf1,1,1
Nelfb,1,1
Ints7,1,1
Masp1,1,1
Dzip3,1,1
Arhgdia,1,1
Zscan22,1,1
Endog,1,1
Rnf115,1,1
Hapln1,1,1
Bzw1,1,1
Tkt,1,1
2610203C22Rik,1,1
Tatdn1,1,1
Dgkq,1,1
Elavl1,1,1
Rpap3,1,1
Gm6712,1,1
Srrt,1,1
Fbxl2,1,1
Dbp,1,1
Cdc37l1,1,1
Phf1,1,1
Cdc40,1,1
Spats2l,1,1
Plod3,1,1
Trmt1l,1,1
Plekha1,1,1
Trmt10b,1,1
Tcp11l1,1,1
Cops7a,1,1
Rint1,1,1
Pou3f4,1,1
Sf3b5,1,1
Chordc1,1,1
Chpf2,1,1
Psme3,1,1
Prune2,1,1
Mrpl9,1,1
Eprs,1,1
Spdya,1,1
B430010I23Rik,1,1
Ctbp2,1,1
Bckdha,1,1
Gab1,1,1
Rnf157,1,1
Lrrc61,1,1
Alg6,1,1
Cep57,1,1
Tbpl1,1,1
Pkig,1,1
Nt5dc3,1,1
Rpf1,1,1
Elovl2,1,1
Ccpg1,1,1
1700123M08Rik,1,1
Cadps2,1,0
Clasrp,1,1
Dars2,1,1
Slc35a2,1,1
Syncrip,1,1
Yipf5,1,1
Zfp120,1,1
Pcbp3,1,1
Ss18l1,1,1
B3galnt2,1,1
Ubald1,1,1
Cuedc1,1,1
Aurkaip1,1,1
Edrf1,1,1
Gclm,1,1
Smc6,1,1
Pebp1,1,1
Efna2,1,1
Diras2,1,1
Mbip,1,1
Slc25a25,1,1
Gm15478,1,1
Elovl1,1,1
Rsf1os1,1,1
Zc3h7b,1,1
Apex2,1,1
Cyp4f16,1,1
Xpa,1,1
Banp,1,1
Tor1a,1,1
Rmnd5b,1,1
Dcun1d3,1,1
Ubtd1,1,1
Eif4e2,1,1
Gm26724,1,1
Slc12a9,1,1
Ints4,1,1
Ube2g2,1,1
Bmper,1,1
Ppih,1,1
Lmln,1,1
Slc35b2,1,1
Zfp316,1,1
Fibp,1,1
Rabgef1,1,1
Rad23b,1,1
Sept10,1,1
4930565N06Rik,1,1
Tmem138,1,1
Usp36,1,1
Nox1,1,1
Alg8,1,1
Sun2,1,1
Max,1,1
Sephs1,1,1
Fancm,1,1
1700021F05Rik,1,1
Gm20646,1,1
Amer2,1,1
Fam214b,1,1
Polr2f,1,1
B230217C12Rik,1,1
Arl6ip6,1,1
Tbc1d16,1,1
Dicer1,1,1
Xpo5,1,1
Trappc12,1,1
Mrpl52,1,1
Gm11906,1,1
Raph1,1,1
Mettl24,1,1
March6,1,1
Tubgcp2,1,1
Creg1,1,1
Tuba1b,1,1
Pyroxd1,1,1
Gid4,1,1
Nrip1,1,1
Btbd10,1,1
Aifm1,1,1
Hat1,1,1
Ppp2r5e,1,1
Gatad1,1,1
Dlst,1,1
Chst9,1,1
Pld1,1,1
Ctso,1,1
Far1,1,1
Btbd1,1,1
Map1s,1,1
D6Wsu163e,1,1
Slc22a15,1,1
Arhgap10,1,1
Atad2,1,1
2610507B11Rik,1,1
Lrrfip1,1,1
Stambpl1,1,1
Scai,1,1
2900026A02Rik,1,1
Gan,1,1
Nr6a1os,1,1
Tpm1,1,1
Dstn,1,1
Adal,1,1
Atrn,1,1
Set,1,1
Rhbdd2,1,1
Cog6,1,1
Ccdc117,1,1
Cat,1,1
Sec24b,1,1
Pgr,1,1
Dnajc7,1,1
Tmem9b,1,1
5330434G04Rik,1,1
Mfap1b,1,1
Myh14,1,1
Trmt2a,1,1
Fads2,1,1
Bub3,1,1
Nfic,1,1
Wdr41,1,1
Mthfd2l,1,1
Tmem69,1,1
Gdap1,1,1
Fbxo10,1,1
Ezh1,1,1
Guk1,1,1
Acsl1,1,1
Dcbld1,1,1
Gm9925,1,0
Gstm1,1,1
2210016L21Rik,1,1
Thnsl1,1,1
Zfp740,1,1
Slain2,1,1
Gipc1,1,1
Fkbp1a,1,1
Psmd8,1,1
Sike1,1,1
Cog8,1,1
Lrif1,1,1
Eif3g,1,1
Sema5a,1,2
Rhob,1,1
Wdr6,1,1
Zfp236,1,1
Eif3j1,1,1
Fbxo45,1,1
Ppp1r10,1,1
Ythdc2,1,1
Rgmb,1,1
Kat2a,1,1
Trim62,1,1
Pitpna,1,1
Lman2l,1,1
Dcaf7,1,1
Tomm40,1,0
Ddx49,1,1
Nln,1,1
Irf3,1,1
Gm20721,1,1
Mrps34,1,1
Mrpl35,1,1
Cdk7,1,1
Zfp606,1,1
Btbd2,1,1
Ankrd24,1,1
Fam126a,1,1
Zfp202,1,1
Anxa7,1,1
Clpp,1,1
Hcfc2,1,1
Fancl,1,1
Wdr83os,1,1
Tmem256,1,1
Lzts2,1,1
Ppip5k2,1,1
Acss2,1,1
Ccnjl,1,1
Txndc5,1,1
Top3a,1,1
Gtpbp2,1,1
Abcf1,1,1
Zfp944,1,1
Sfxn1,1,1
Poldip2,1,1
Mvb12b,1,1
Camsap1,1,1
2610316D01Rik,1,1
Nme6,1,1
Abcb8,1,1
Brix1,1,1
Mrpl28,1,1
Rab33b,1,1
Zfp704,1,1
Ppp5c,1,1
Scly,1,1
Bzw2,1,1
Pygo1,1,1
Wdr18,1,1
Thumpd2,1,1
Plekho1,1,1
Pfdn1,1,1
Pcmt1,1,1
Lpgat1,1,1
Timm17a,1,1
Zdhhc7,1,1
Gm17178,1,1
Derl2,1,1
Hp1bp3,1,1
Kat7,1,1
1110059G10Rik,1,1
Sec11a,1,1
Sirpa,1,1
Rnf8,1,1
B3galt2,1,1
March5,1,1
Bcap29,1,1
Tmem134,1,1
N4bp2l2,1,1
Prkag1,1,1
Mok,1,1
Lmbrd2,1,1
Scfd1,1,1
Fbxw4,1,1
Commd6,1,1
Gpr37,1,1
Polg2,1,1
Dynlt3,1,1
Lrrc49,1,1
Ankrd52,1,1
Unc119b,1,1
Mus81,1,1
Tial1,1,1
Sfmbt2,1,1
Dnah14,1,1
Amt,1,1
Hykk,1,1
Tmem38a,1,1
Copz1,1,1
Rab43,1,1
Sart3,1,1
Rnf34,1,1
Pcsk6,1,1
Gm15283,1,1
Phgdh,1,1
Eif2ak1,1,1
9330182L06Rik,1,1
Ebag9,1,1
Lrrc45,1,1
Wnk3,1,1
Ttc9b,1,1
Snrpb2,1,1
Prdx3,1,1
Armc2,1,1
Aagab,1,1
Oxsr1,1,1
Ppp4c,1,1
Mta2,1,1
Sncb,1,1
Smoc1,1,1
Ssbp3,1,1
Uba1,1,1
Tvp23a,1,1
9530077C05Rik,1,1
Ndufb4,1,1
Pofut2,1,1
Col11a1,1,0
Ccdc171,1,1
Ctdnep1,1,1
Dnmt1,1,1
Cul7,1,1
Rhbdl3,1,1
Scyl2,1,1
Cars2,1,1
Vkorc1l1,1,1
0610030E20Rik,1,1
Naa10,1,1
Bcl2l2,1,1
9330020H09Rik,1,1
Mdh1,1,1
Mdm4,1,1
Phb2,1,1
Zmynd11,1,1
Zfp758,1,1
Igf2bp3,1,1
Bhlhb9,1,1
Gm1976,1,1
Wars,1,1
Gm29642,1,1
Tiam1,1,1
Anp32e,1,1
Pgam5,1,1
Abcb10,1,1
Tmem109,1,1
Ppa1,1,1
Fam229b,1,1
Mxi1,1,1
Armcx5,1,1
Aldh2,1,1
Polk,1,1
Cops3,1,1
Sidt2,1,1
Dusp12,1,1
Mzt1,1,1
Pxk,1,1
Timm13,1,1
Lemd2,1,1
Phf23,1,1
Rab2b,1,1
Mrpl15,1,1
Ccdc25,1,1
Ssr3,1,1
Dnajb14,1,1
Tmem186,1,1
Pik3r3,1,1
Gm26936,1,1
Ctnnb1,1,1
Mdga1,1,1
Commd2,1,1
Golgb1,1,1
Asb13,1,1
Fam217b,1,1
Zfp324,1,1
Slc7a6os,1,1
Sf3a3,1,1
Rab3ip,1,1
Slc37a4,1,1
Pfkfb2,1,1
Phldb1,1,1
Dact3,1,1
Zfp182,1,1
Nop56,1,1
Chd1,1,1
Cpsf2,1,1
Zfyve16,1,1
Zfp330,1,1
Arntl2,1,1
Gnl3,1,1
Gm20033,1,1
Gps1,1,1
Zfp30,1,1
Ppip5k1,1,1
Dand5,1,1
Preb,1,1
Smg5,1,1
Zfp930,1,1
Man2b1,1,1
Gsg1l,1,1
Jph1,1,1
Tars2,1,1
Usp46,1,1
Rai1,1,1
C330007P06Rik,1,1
BC065397,1,1
Trmt61b,1,1
Kansl2,1,1
Atp5g3,1,0
Speg,1,1
Lair1,1,1
Cbx4,1,1
Bin1,1,1
Vdac1,1,1
Upf3b,1,1
Mmgt2,1,1
Tspan13,1,1
Dnajc8,1,1
Nfatc3,1,1
Ptpdc1,1,1
Taco1,1,1
Pbx4,1,1
Cacul1,1,1
Hspb11,1,1
Zfp652,1,1
H2-DMa,1,1
Mcts1,1,1
Igf2r,1,1
Sap130,1,1
Rfx1,1,1
Tpst1,1,1
Dnajc24,1,1
Zfp687,1,1
Noc2l,1,1
4930570G19Rik,1,1
Arsk,1,1
Grik1,1,2
Pter,1,1
Gnl1,1,1
Gm28791,1,1
Ppt1,1,1
Dsel,1,1
Tut1,1,1
Zkscan5,1,1
Hnrnpab,1,1
Anapc5,1,1
Gnb4,1,1
Nol7,1,1
Zfp626,1,1
Stim1,1,1
Rpl10a,1,1
Traf7,1,1
Tbc1d12,1,1
Dgcr8,1,1
Chst12,1,1
Eif3k,1,1
Helb,1,1
Araf,1,1
Sox5os4,1,1
Bivm,1,1
Ate1,1,1
Naa40,1,1
Rfc2,1,1
Fundc2,1,1
Dync2li1,1,1
Gosr2,1,1
Bud13,1,1
Mvd,1,1
Ccdc12,1,1
Exosc4,1,1
Rbm12b2,1,1
Slc22a5,1,1
Cntn6,1,1
Irf2bpl,1,0
Etnk1,1,1
Nme1,1,1
Ano8,1,1
Mthfd2,1,1
Insig1,1,1
Cept1,1,1
Szt2,1,1
Eif3i,1,1
Wasf3,1,1
Lzts3,1,1
Msn,1,1
Senp3,1,1
Zfp825,1,1
Rnft2,1,1
Slc35f5,1,1
Alkbh8,1,1
Ctcf,1,1
Filip1l,1,1
Prkra,1,1
Prmt5,1,1
Wscd1,1,1
Bcl11a,1,1
Helq,1,1
Angel1,1,1
Gstcd,1,1
Nasp,1,1
Tollip,1,1
Gemin8,1,1
Ccdc134,1,1
Tmem108,1,0
Snx5,1,1
Ccdc122,1,1
Atad5,1,1
Uqcc3,1,1
Arx,1,1
Akap13,1,1
Eif2b2,1,1
Ide,1,2
Rnf214,1,1
Dcaf11,1,1
1600012H06Rik,1,1
Tstd2,1,1
Gtf2e1,1,1
Fnta,1,1
Ebpl,1,1
Arfip2,1,1
Atp6v1f,1,1
Uck1,1,1
Telo2,1,1
Ppp1r2,1,1
Itpka,1,1
Nsun2,1,1
Cadm4,1,1
Znrf2,1,1
Mafg,1,1
Usp38,1,1
Narf,1,1
Strip2,1,1
Rmnd5a,1,1
Dnajc16,1,1
Poldip3,1,1
Vma21,1,1
Polr2g,1,1
Kdm1b,1,1
Zfp40,1,1
Rprd1b,1,1
Mnt,1,1
Pgm2l1,1,1
Gpn1,1,1
Fkbp4,1,1
Dhrs7b,1,1
Aftph,1,1
3010001F23Rik,1,1
Calm2,1,1
Rwdd4a,1,1
Kcnb1,1,1
Pkd2l2,1,1
Tmem39a,1,1
Zdhhc3,1,1
Polr1a,1,1
Trappc2,1,1
Exosc1,1,1
Dhx29,1,1
Jph4,1,1
Jakmip2,1,1
Tbc1d13,1,1
Apmap,1,1
Rlim,1,1
Glg1,1,1
Rcc2,1,1
Zfp27,1,1
Auh,1,1
Thap3,1,1
Adcy8,1,1
Snrpe,1,1
Gpbp1,1,1
Txnrd1,1,1
Rcl1,1,1
Slc25a27,1,1
Cdk5rap1,1,1
Phc3,1,1
Znfx1,1,1
Zfp341,1,1
Rab6b,1,1
Spryd7,1,1
E2f4,1,1
Tceal3,1,1
Ptk7,1,1
Zbtb1,1,1
Traf3ip1,1,1
Mtor,1,1
Serpinb6a,1,1
Dvl1,1,1
Adrm1,1,1
Pdia4,1,1
C1galt1c1,1,1
Frmpd1,1,1
Nprl3,1,1
Csnk1e,1,1
Stard9,1,1
2310009B15Rik,1,1
Gatad2b,1,1
Phlda1,1,1
Malsu1,1,1
Homer3,1,1
Cep128,1,1
Kcnc4,1,1
AU040320,1,1
Rpp14,1,1
Pmpca,1,1
Atrip,1,1
Ptdss1,1,1
Inf2,1,1
Apaf1,1,1
Sec11c,1,1
Tspan31,1,1
Ctsz,1,1
Zfp90,1,1
Ntan1,1,1
Eci1,1,1
Dock6,1,1
Kcnt1,1,1
Nudcd2,1,1
Ifngr2,1,1
Ccs,1,1
Gm16638,1,1
A330093E20Rik,1,1
Vwa5a,1,1
Tfcp2,1,1
Manba,1,1
Gm12592,1,1
Klhl23,1,1
Ap4s1,1,1
Mrpl4,1,1
Fbxw11,1,1
Mospd1,1,1
Pcyox1,1,1
Cgrrf1,1,1
Suds3,1,1
Txnl1,1,1
Limk1,1,1
Cnep1r1,1,1
Grin2c,1,1
Lypla1,1,1
Vcp,1,1
Man2a1,1,1
Disp1,1,1
Cops5,1,1
Gpatch1,1,1
Ell2,1,1
2810004N23Rik,1,1
Ighmbp2,1,1
Tm9sf2,1,1
Gm4673,1,1
Klhdc2,1,1
Kctd18,1,1
Fhod3,1,1
Lypla2,1,1
Secisbp2l,1,1
Gars,1,1
Tmem70,1,1
Slc35b3,1,1
Rps25,1,1
A930015D03Rik,1,1
6330403K07Rik,1,1
4930578M01Rik,1,1
Glo1,1,1
Sgta,1,1
Pex13,1,1
Ercc6,1,1
Smc1a,1,1
Ywhah,1,1
Hnrnpa1,1,1
Hemk1,1,1
Tubd1,1,1
Lamtor2,1,1
Krba1,1,1
Katna1,1,1
Stip1,1,1
Zcchc10,1,1
Pigf,1,1
Bcl11b,1,1
Zfp112,1,1
Rnf144a,1,1
Itpa,1,1
Clcn7,1,1
Ctnna1,1,1
Adarb2,1,1
Prr3,1,1
Gsta4,1,1
Lynx1,1,1
Eno2,1,1
Serac1,1,1
Cpsf7,1,1
Zdhhc15,1,1
Arhgap39,1,1
Ldha,1,1
Lrriq3,1,1
Bahcc1,1,1
Elavl2,1,0
Zfp592,1,1
Prkrip1,1,1
Aatf,1,1
Pmpcb,1,1
Klhdc1,1,1
Mfn1,1,1
Fuom,1,1
Tbc1d8,1,1
Jmjd6,1,1
Paip1,1,1
Zdhhc4,1,1
Eif4a1,1,1
Mapk3,1,1
Ndufs2,1,1
Ephb1,1,1
Emc1,1,1
6720489N17Rik,1,1
Rbak,1,1
Pdrg1,1,1
Cep57l1,1,1
1300002E11Rik,1,1
Rbm48,1,1
Colgalt2,1,1
Wbp11,1,1
Tsen15,1,1
Soga1,1,1
Rdh13,1,1
Zfp91,1,1
Srbd1,1,1
Zfp420,1,1
Slc4a7,1,1
Cryab,1,1
Ecd,1,1
AA386476,1,1
Nckipsd,1,1
Wdpcp,1,1
4930445B16Rik,1,1
Litaf,1,1
Tctn2,1,1
Nampt,1,1
Gm13830,1,1
Rnf169,1,1
Dok7,1,1
Slc43a2,1,1
Fah,1,1
Ndufab1,1,1
Cnp,1,1
Mrps18c,1,1
Rgp1,1,1
4931414P19Rik,1,1
Dek,1,1
Bloc1s2,1,1
Phf2,1,1
Itih3,1,1
Psat1,1,1
Jag1,1,1
3830408C21Rik,1,1
Agfg2,1,1
Dpm2,1,1
Rnf170,1,1
Vps29,1,1
Tpm3,1,1
Rnf182,1,1
Znhit6,1,1
Pan2,1,1
Clptm1l,1,1
Trp53,1,1
Hypk,1,1
Acad8,1,1
Qsox1,1,1
Wiz,1,1
Plxna3,1,1
Chka,1,1
Miat,1,1
Sfswap,1,1
Fbxl4,1,1
Htra2,1,1
Smarcb1,1,1
Zc3h6,1,1
Dhx15,1,1
G6pc3,1,1
Sec24d,1,1
Efcab2,1,1
Topors,1,1
Srprb,1,1
Adam15,1,1
Mapk1ip1l,1,1
Psmb1,1,1
Ubap2l,1,1
A730056A06Rik,1,1
Mcm9,1,1
Zfp458,1,1
Rbbp9,1,1
Rsad1,1,1
Neu1,1,1
Hint3,1,1
Gabpb2,1,1
Exosc10,1,1
Aarsd1,1,1
Cggbp1,1,0
Iars,1,1
Zmynd12,1,1
Foxj3,1,1
Ap2a2,1,1
Rapgef5,1,1
Gm16189,1,1
Slc9a7,1,1
AV099323,1,1
Cdc42,1,1
Rrn3,1,1
Pcsk5,1,1
2410002F23Rik,1,1
Cenpj,1,1
Abhd16a,1,1
Gmfb,1,1
Champ1,1,1
Sema6a,1,1
Trnp1,1,1
Lekr1,1,1
Mfsd8,1,1
Pantr2,1,1
Cers4,1,1
Pgs1,1,1
Zbtb7c,1,1
Smarca4,1,1
Polr3e,1,1
Agtpbp1,1,1
Unkl,1,1
Wrap53,1,1
Gng3,1,1
Tubb4b,1,1
Spag1,1,1
Fbxo4,1,1
Sigmar1,1,1
Zfp13,1,1
Edem3,1,1
Tpmt,1,1
B130024G19Rik,1,1
Pip5k1a,1,1
Gtf2h4,1,1
Tcp11l2,1,1
Gnai1,1,1
Hexa,1,1
Ppm1g,1,1
Afap1l2,1,1
Fcf1,1,1
Dnaja3,1,1
Arfrp1,1,1
Ltn1,1,1
Tmem116,1,1
Ankfy1,1,1
C1d,1,1
Amd1,1,1
Atp6v0a1,1,1
Taf8,1,1
Lyrm1,1,1
Nudt19,1,1
Arhgef7,1,1
Ints3,1,1
Tcta,1,1
Ubap1,1,1
Rnf150,1,1
Rasa3,1,1
Dnajc25,1,1
Crbn,1,1
Zfand4,1,1
Tmpo,1,1
Nr2c2ap,1,1
Mtus2,1,1
Kremen1,1,1
Zmynd8,1,1
Aspscr1,1,1
Mfn2,1,1
Enoph1,1,1
Fam92a,1,1
Paxip1,1,1
Rbm42,1,1
Prpf38a,1,1
Mob2,1,1
Oplah,1,1
Usp7,1,1
Ints2,1,1
Zc3h11a,1,1
BC067074,1,1
Angel2,1,1
Fam71e1,1,1
Dnal1,1,1
Slc10a7,1,1
Tmem258,1,1
Zbtb49,1,1
Tor3a,1,1
Wdr77,1,1
Azin2,1,1
Tgfbr2,1,1
Mgat1,1,1
Zfp605,1,1
Trmt10a,1,1
Chmp2b,1,1
Rtca,1,1
Mbtps2,1,1
1700086O06Rik,1,1
Adam10,1,1
Tmem248,1,1
Tusc3,1,1
Senp5,1,1
Trrap,1,1
Rictor,1,1
Epn2,1,1
4930594M22Rik,1,1
Zfp941,1,1
Gm26621,1,1
Rassf8,1,1
Sord,1,1
Eid1,1,1
Tulp3,1,1
Ammecr1,1,1
Mtg2,1,1
Ndufb6,1,1
Hnrnpul1,1,1
Fbxo46,1,1
Myo1c,1,1
Slc35d1,1,1
Glb1,1,1
Plch1,1,1
4930432B10Rik,1,1
Ubqln4,1,1
Fasn,1,1
C2cd3,1,1
Lsm14b,1,1
Trim37,1,1
Osgepl1,1,1
Vrk2,1,1
Midn,1,1
Bnip1,1,1
Cacnb1,1,1
Pomt1,1,1
Polr3g,1,1
Lrrtm1,1,1
Hspe1,1,1
Morn2,1,1
B3gat2,1,1
Tefm,1,1
Ccnd3,1,1
Etaa1,1,1
Klhdc10,1,1
H2afy2,1,1
Uckl1,1,1
Scn1a,1,1
C87436,1,1
Abcg4,1,1
Zfp646,1,1
Cnnm3,1,1
Stk17b,1,1
Rnf185,1,1
Entpd6,1,1
Rfx5,1,1
Cacng8,1,1
Rbbp5,1,1
Oaz2,1,1
Ccser2,1,1
Sms,1,1
Brdt,1,1
Kpna6,1,1
Strn4,1,1
Lrsam1,1,1
Agrp,1,1
Twf2,1,1
Nars2,1,1
Mkks,1,1
Prkcg,1,1
Arhgef25,1,1
Cmas,1,1
Coq6,1,1
Khsrp,1,1
BC003965,1,1
Aldh3a2,1,1
Fam98a,1,1
Dguok,1,1
Med19,1,1
Trappc5,1,1
Zdbf2,1,1
Insig2,1,1
Cotl1,1,1
Ttbk1,1,1
Gm16599,1,1
Sh3glb2,1,1
Snx17,1,1
Ahdc1,1,1
Imp3,1,1
Lbh,1,1
Irf2bp2,1,0
Trp53inp1,1,1
Ap1ar,1,1
Sf3b6,1,1
Myg1,1,1
Mcph1,1,1
Add1,1,1
Eif2ak4,1,1
Mark4,1,1
Commd1,1,1
Gm28198,1,1
H2afy,1,1
Gm3448,1,1
Rft1,1,1
Cers6,1,1
Cd47,1,1
Fam110b,1,1
Tmem56,1,1
Tmem106b,1,1
Golga7,1,1
Nono,1,1
Tm2d3,1,1
Tma16,1,1
Ptprf,1,1
Smg7,1,1
Ralgps1,1,1
Aasdh,1,1
Fra10ac1,1,1
2610037D02Rik,1,1
Sec61b,1,1
9230114K14Rik,1,1
Srebf2,1,1
Atp2b4,1,1
Brd8,1,1
A930007I19Rik,1,1
Zdhhc13,1,1
Slc14a2,1,1
Snx1,1,1
Tmem104,1,1
Patl1,1,1
5430405H02Rik,1,1
Gba2,1,1
Npepl1,1,1
Srr,1,1
Hdac6,1,1
Ccdc15,1,1
Ccdc85b,1,1
Nras,1,1
Lancl2,1,1
Ccdc62,1,1
Smarcal1,1,1
Zscan12,1,1
Polr3d,1,1
2310022A10Rik,1,1
Sugp1,1,1
Zfp692,1,1
Supt20,1,1
Unc45a,1,1
Thra,1,1
Gcfc2,1,1
Rapgef1,1,1
Slc35a3,1,1
Slc25a18,1,1
Golga5,1,1
Slc16a6,1,1
Metap1,1,1
Rragd,1,1
Clta,1,1
Ube2ql1,1,1
Porcn,1,1
Stk25,1,1
Plcg1,1,1
Donson,1,1
Dgat1,1,1
Timp2,1,1
Parp4,1,1
Adamts10,1,1
Ece1,1,1
Grb14,1,1
Casp3,1,1
Timm22,1,1
Cacng7,1,1
Srsf5,1,1
Zfp511,1,1
Mrpl42,1,1
Grsf1,1,1
Ppp1r15b,1,1
Shisa5,1,1
Blzf1,1,1
Adcy10,1,1
Sdcbp,1,1
Papss1,1,1
Prdx5,1,1
Mroh1,1,1
Gm17036,1,1
Kif9,1,1
Pawr,1,1
Asphd2,1,1
Zfp518a,1,1
Tmem68,1,1
Mapre3,1,1
Nadsyn1,1,1
Uxs1,1,1
Flywch1,1,1
Afg3l2,1,1
Nus1,1,1
Xrcc5,1,1
Mpc2,1,1
Maml1,1,1
Skp2,1,1
Stx12,1,1
Ei24,1,1
Zfp710,1,1
Ttc23,1,1
Sh2b1,1,1
Asb5,1,1
Gm5141,1,1
Bend7,1,1
Pml,1,1
Grhpr,1,1
Scpep1,1,1
Atxn7l3,1,1
Wsb2,1,1
Dctn5,1,1
Fam227a,1,1
Dtymk,1,1
Fnbp4,1,1
Elmsan1,1,1
Actr2,1,1
Tspyl1,1,0
Myo19,1,1
Gm27003,1,1
Cox15,1,1
Ndufs1,1,1
Myo3b,1,1
Npl,1,1
Yy1,1,1
Cdk9,1,1
Zpr1,1,1
Gopc,1,1
Trmt1,1,1
Hspa13,1,1
Srp19,1,1
Copb2,1,1
Cmtm4,1,1
Tmem260,1,1
Mpg,1,1
Cstf2,1,1
Deaf1,1,1
Ddit3,1,1
Bhlhe41,1,1
Fpgt,1,1
Vcan,1,1
Inca1,1,1
Nudt4,1,1
Zfp959,1,1
Nptxr,1,1
Zfp772,1,1
Zzz3,1,1
Ipo9,1,1
Phka2,1,1
Ankrd46,1,1
Tmem165,1,1
Klc4,1,1
Lyrm4,1,0
Ralb,1,1
Gpsm1,1,1
Vps36,1,1
Abcb1b,1,1
Glb1l,1,1
Ralgps2,1,1
Acyp1,1,1
Mphosph10,1,1
Gcdh,1,1
Ak2,1,1
Zfp286,1,1
Tmed4,1,1
St7,1,1
Nacc1,1,1
Kif2a,1,1
Kctd13,1,1
Sod2,1,1
Ctbs,1,1
Eif3l,1,1
5730480H06Rik,1,1
Mras,1,1
Mta3,1,1
Nfyb,1,1
Mapkap1,1,2
Tox4,1,1
Mmaa,1,1
Lca5l,1,1
Hars,1,1
2900076A07Rik,1,1
Kcnip3,1,1
Madd,1,1
Mcf2l,1,1
Tmed1,1,1
Mgat3,1,1
Cops6,1,1
Zbtb37,1,1
Pnrc2,1,1
Nup88,1,1
Zfyve26,1,1
Mamdc2,1,1
Ascc3,1,1
Wdr60,1,1
3110082I17Rik,1,1
Ndufaf5,1,1
Patz1,1,1
Camk4,1,1
Sec22a,1,1
Plod2,1,1
Hdac2,1,1
Dctn6,1,1
Cnih4,1,1
Tpd52l1,1,1
Utp15,1,1
Ganc,1,1
Mtcl1,1,1
Fut10,1,1
Rbm27,1,1
Elmod1,1,1
Lancl1,1,1
Sh3d19,1,1
Med23,1,1
Pick1,1,1
Actr5,1,1
Yipf4,1,1
Farsb,1,1
Brpf1,1,1
Dancr,1,0
Fam117a,1,1
Spsb4,1,1
Rbks,1,1
Gabarapl2,1,1
Fam102b,1,1
Ap2s1,1,1
Fdxacb1,1,1
Gm12925,1,1
Olfm2,1,1
Rnf138,1,1
Hist1h2be,1,1
Mrps21,1,0
Ccdc173,1,1
Gm15834,1,1
Stard4,1,1
Bax,1,1
Pafah1b2,1,1
Tex2,1,1
Ppat,1,1
Zfp839,1,1
Ubac2,1,1
Eif4a2,1,1
Larp7,1,1
Serpini1,1,1
Sema5b,1,1
Cep152,1,1
Msh3,1,1
Mocs2,1,1
Scap,1,1
Prpf19,1,1
Smim7,1,1
Eif2a,1,1
Rbms2,1,1
Rab12,1,1
Rps19,1,1
Nipal2,1,1
Zfp397,1,1
Maf1,1,1
Rsf1os2,1,1
Ano10,1,1
4930473A02Rik,1,1
Zcchc17,1,1
Tmx1,1,1
Fbrs,1,1
Vangl1,1,1
Pomgnt2,1,1
Nexn,1,1
Tgfbr3l,1,1
Sun1,1,1
Mrps14,1,1
Trim35,1,1
Ubxn1,1,1
Dnajc21,1,1
Whamm,1,1
Fam117b,1,1
Stx7,1,1
Fam189b,1,1
Cpne4,1,1
Fmo1,1,1
Klf6,1,1
Tm7sf2,1,1
Nsg2,1,1
Slc25a28,1,1
Jam2,1,1
Atic,1,1
Sall1,1,1
Zfp157,1,1
Fgf11,1,1
Mrps36,1,1
Slc25a11,1,1
Chpf,1,1
Zdhhc1,1,1
Tbce,1,1
Fuca2,1,1
Fam3c,1,1
Nosip,1,1
Ppfibp1,1,1
Srsf6,1,1
Taf11,1,1
Apoo,1,1
Gucd1,1,1
Lig3,1,1
Adam9,1,1
Entpd7,1,1
Cep295,1,1
Sh3bp1,1,1
Cd44,1,1
Erlin1,1,1
Gm14455,1,1
Rchy1,1,1
Abl1,1,1
Rbm41,1,1
Magt1,1,1
Ugcg,1,1
Chd8,1,1
Arhgef40,1,1
Mtfmt,1,1
Gm16124,1,1
Rexo2,1,1
Irak1,1,1
Snw1,1,1
Zfyve19,1,1
Gnptab,1,1
C1qbp,1,1
Smad3,1,1
Rnft1,1,1
Gmppa,1,1
Ap1s1,1,1
Atn1,1,1
Chrdl1,1,1
Prrc1,1,1
Uso1,1,1
Mtbp,1,1
Ablim2,1,1
Tcerg1,1,1
Stxbp1,1,1
Gnb1,1,1
Mob1a,1,1
Ogdhl,1,1
6430550D23Rik,1,1
Zswim7,1,1
Pqbp1,1,1
Dctd,1,1
Arhgap31,1,1
Snx32,1,1
Nck2,1,1
Rab10,1,1
Med17,1,1
Slc25a46,1,1
Srgap1,1,1
Vamp4,1,1
Mpp7,1,1
Fastkd1,1,1
Ccdc138,1,1
Scp2,1,1
Epdr1,1,1
Optn,1,1
Bach1,1,1
Gm7854,1,1
Gm10516,1,1
Ap2m1,1,1
Smim19,1,1
Mrpl17,1,1
Capns1,1,1
Prdm15,1,1
Ube2z,1,1
Smim8,1,1
Tubb2a,1,1
Cct4,1,1
Cmtr1,1,1
Kpna3,1,1
Lonp1,1,1
Cpne2,1,1
4833439L19Rik,1,1
Slc18b1,1,1
Gcsh,1,1
Cep95,1,1
2510002D24Rik,1,1
Cyfip2,1,1
Mtx3,1,1
Zfyve21,1,1
Stx17,1,1
Tmbim1,1,1
Rad9b,1,1
Atad3a,1,1
Trim3,1,1
Slc9a1,1,1
Creb3l2,1,1
Nol9,1,1
B230219D22Rik,1,1
Eif2ak2,1,1
Napb,1,1
Gsta3,1,1
Zdhhc14,1,1
Zkscan2,1,1
Ociad1,1,1
Ythdf2,1,1
Usp40,1,1
Tbc1d31,1,1
Tshz1,1,1
Dctn4,1,1
Dhrs1,1,1
Mrpl32,1,1
Ttc26,1,1
Pxn,1,1
Sgsm2,1,1
Nsun7,1,1
Slc25a53,1,1
Stk11,1,1
Nefl,1,1
1810030O07Rik,1,1
Creb3,1,1
Fxr2,1,1
Heatr1,1,1
Dtwd1,1,1
Nploc4,1,1
Slc11a2,1,1
Anapc11,1,1
Ndufv2,1,1
Gyg,1,1
Cflar,1,1
Cdk5r1,1,1
Srp9,1,1
Cmc1,1,1
Mtr,1,1
Rnf149,1,1
Kcnrg,1,1
1810024B03Rik,1,1
Csf1,1,1
Bloc1s6,1,1
Ccp110,1,1
Tmem191c,1,1
Bcl2l1,1,1
Rab26os,1,1
Frmd8,1,1
Syp,1,1
Unc13b,1,1
Slc35a4,1,1
Acat2,1,1
Tbc1d4,1,1
Ppcdc,1,1
Gm14827,1,1
Tjap1,1,1
Gm12743,1,1
Sae1,1,1
Kbtbd11,1,1
Elac1,1,1
Hnmt,1,1
Adam32,1,1
Vps37b,1,1
Kctd5,1,1
Ptges2,1,1
Ift122,1,1
Gm17231,1,1
Eya4,1,1
Stam2,1,1
Pom121,1,1
Psmb4,1,1
Mrpl13,1,1
Psmg4,1,1
9630028H03Rik,1,1
Mphosph6,1,1
Senp2,1,1
Flot1,1,1
Pde3b,1,1
Mrpl37,1,1
Ggps1,1,1
Zbtb7a,1,1
Thyn1,1,1
Pafah2,1,1
Tgds,1,1
Zfp637,1,1
Pank4,1,1
Zbtb25,1,1
Oma1,1,1
Wdr61,1,1
Lrrtm2,1,1
Tbcd,1,1
Gtf3c3,1,1
Akap8l,1,1
Pxdn,1,1
Pak2,1,1
Mybbp1a,1,1
Bphl,1,1
Tmem209,1,1
Mgat4b,1,1
Cog2,1,1
Mpp5,1,1
Trabd,1,1
Rragb,1,1
Camk2b,1,1
Arl2bp,1,1
Nagk,1,1
Ankrd26,1,1
Msto1,1,1
Tomm40l,1,1
Lrpprc,1,1
Mettl3,1,1
Zfp451,1,1
Kbtbd2,1,1
Psmd11,1,1
Tuba4a,1,1
Uba6,1,1
Atm,1,1
Srl,1,1
Sars,1,1
Abcf3,1,1
Rpl14,1,1
Lactb2,1,1
Nxph1,1,1
Mrpl45,1,1
Tbc1d22b,1,1
Plekhm1,1,1
Pgm2,1,1
Rap2a,1,1
Kdm6b,1,1
Zmat2,1,1
Repin1,1,1
Rxrb,1,1
1700029J07Rik,1,1
Nynrin,1,1
H3f3a,1,1
Amdhd2,1,1
Got2,1,1
Atg4d,1,1
Tpgs1,1,1
AV039307,1,1
Acad12,1,1
Gpkow,1,1
Gfod1,1,1
Tox3,1,1
Lonrf2,1,1
Ybx3,1,1
L2hgdh,1,1
Cct8,1,1
Paip2b,1,1
Zbtb26,1,1
Ift140,1,1
Rgs3,1,1
Acot9,1,1
Ipmk,1,1
Pgap1,1,1
Tpra1,1,1
Ttc39c,1,1
Myef2,1,1
Raf1,1,1
Capza2,1,1
Haghl,1,1
Sdhb,1,1
Ago4,1,1
Tfe3,1,1
Zfp449,1,1
Fam102a,1,1
Amn1,1,1
Meaf6,1,1
Tpd52,1,1
Txlna,1,1
Hmgcl,1,1
Rab3a,1,1
Zdhhc18,1,1
Fam124a,1,1
Adipor1,1,1
Srp72,1,1
Rngtt,1,1
Zkscan8,1,1
Sox12,1,1
Hps1,1,1
Ctnnbip1,1,1
Hsf2,1,1
Ercc8,1,1
Hadha,1,1
Zfp866,1,1
Tex10,1,1
Ing1,1,1
Nmnat2,1,1
1700088E04Rik,1,1
Fbxo21,1,1
Gm12258,1,1
Hunk,1,1
Recql,1,1
Phf6,1,1
Capzb,1,1
Snx18,1,1
Ube2m,1,1
Bcl10,1,1
Zfp385a,1,1
Gm20404,1,1
Fam160b1,1,1
Golph3l,1,1
Tex9,1,1
Slc4a8,1,1
Scoc,1,1
Pdcd6ip,1,1
Ano6,1,1
Amz2,1,1
Snapc4,1,1
Akr1b3,1,1
Zfp932,1,1
Pex5,1,1
Alkbh1,1,1
Nmd3,1,1
Csde1,1,1
Slc25a1,1,1
Efcab7,1,1
Nubpl,1,1
5430402O13Rik,1,1
Mrpl54,1,1
Soga3,1,1
Prcc,1,1
Ilvbl,1,1
Tmem168,1,1
Ap3b2,1,1
Pmm2,1,1
Ccng1,1,1
Kif5c,1,1
Dpm1,1,1
Zfp955b,1,1
Bcap31,1,1
Mapk14,1,1
Polr2m,1,1
Ufl1,1,1
Rusc2,1,1
Atxn1l,1,1
Dis3l,1,1
A530072M11Rik,1,1
F8,1,2
Rnf121,1,1
Lrrc42,1,1
Ttc27,1,1
Cbr1,1,1
Tmem181a,1,1
Rab4a,1,1
Zfp12,1,1
Gm2087,1,1
Crcp,1,1
Zfp777,1,1
Msl3,1,1
Cdo1,1,1
Dzip1,1,1
Ppp2r3c,1,1
Ttc8,1,1
Zfp553,1,1
Pms1,1,1
Per3,1,1
Cby1,1,1
Polr2i,1,1
Zfp142,1,1
Rpl26,1,1
Nipsnap1,1,1
Ncoa4,1,1
Ndfip1,1,1
Slc25a20,1,1
Tmtc4,1,1
Vhl,1,1
Gm26549,1,1
Nup85,1,1
Uspl1,1,1
Mtmr6,1,1
Larp4b,1,1
Ccdc51,1,1
Slc36a4,1,1
Necap1,1,1
Hprt,1,1
Pithd1,1,1
Cebpg,1,1
Gtf2f2,1,1
Cdc42ep1,1,1
Atf6b,1,1
Mfap1a,1,1
Mrps5,1,1
Zfp771,1,1
Usf1,1,1
Foxp2,1,0
Lix1l,1,1
Drg2,1,1
Pdzd11,1,1
Mppe1,1,1
Slc7a6,1,1
Ccdc85c,1,1
Lhfpl2,1,1
Cyp2u1,1,1
Sdhaf2,1,1
Dnm1,1,1
Atg4c,1,1
Kansl3,1,1
Epha4,1,1
Atg2a,1,1
Ftsj1,1,1
Dctn3,1,1
Cox18,1,1
Eif5b,1,1
Pigq,1,1
Mier3,1,1
Taf10,1,1
Mto1,1,1
BC017158,1,1
Nqo2,1,1
Zscan18,1,1
Fam185a,1,1
Bad,1,1
Arf1,1,1
Adprh,1,1
Sub1,1,1
Hnrnpf,1,1
Fxyd6,1,1
Ciart,1,1
Ttpal,1,1
Tram1,1,1
Gm9968,1,1
Fbxo32,1,1
Trmt112,1,1
Ppp2r5b,1,1
Iws1,1,1
Gatm,1,1
Dpp7,1,1
Zswim8,1,1
Gm10563,1,1
Cul4a,1,1
Ccdc58,1,1
Gpsm2,1,1
Gprasp2,1,1
Ncdn,1,1
Elp6,1,1
Mrpl48,1,1
6030458C11Rik,1,1
Stard3,1,1
Reck,1,1
Arpp19,1,1
Hist1h4d,1,0
Alg5,1,1
Katnbl1,1,1
Pa2g4,1,1
E2f6,1,1
Cep76,1,1
Acox3,1,1
Bckdk,1,1
Cep104,1,1
Sde2,1,1
Zfp629,1,1
Prpf8,1,1
Dus2,1,1
Aip,1,1
Plaa,1,1
Gtf2a1,1,1
Gm16337,1,1
Mdn1,1,1
Vps26b,1,1
Tmem240,1,1
Afmid,1,1
Med7,1,1
Ece2,1,1
Fdx1,1,1
Wtap,1,1
Wipi1,1,1
Cars,1,1
Maea,1,1
Nol10,1,1
Mib2,1,1
Boc,1,1
Csnk2b,1,1
G6pdx,1,1
Pex16,1,1
Ankrd27,1,1
Ascc1,1,1
Puf60,1,1
St6galnac6,1,1
Derl1,1,1
Pigc,1,1
Foxred2,1,1
Smg9,1,1
Rps13,1,1
Kctd2,1,1
Fam122a,1,1
Dnajc5,1,1
Fubp1,1,1
Cox20,1,1
Nucb1,1,1
Api5,1,1
Eif2b5,1,1
Ick,1,1
Xrcc6,1,1
Vezf1,1,1
Pmepa1,1,1
Babam1,1,1
Bud31,1,1
Psmd7,1,1
Eef1a2,1,1
Usp22,1,1
Fmnl3,1,1
Lysmd2,1,1
Bag4,1,1
Gm17276,1,1
Mthfd1,1,1
Psma1,1,1
Plekha3,1,1
Dusp1,1,1
Dis3,1,1
Tmem136,1,1
Ip6k2,1,1
Rbm12b1,1,1
Nub1,1,1
Rangap1,1,1
Tcte2,1,1
Gsk3a,1,1
Dcun1d2,1,1
Rpl7,1,1
Cystm1,1,1
1700037C18Rik,1,1
Ppp1r9b,1,1
Jund,1,1
Fras1,1,0
Atp6v1g1,1,1
Ncl,1,1
Mrps9,1,1
Zswim4,1,1
H13,1,1
Magoh,1,1
Gab3,1,1
Brf1,1,1
Srsf10,1,1
Rnf11,1,1
Zfp64,1,1
Asb1,1,1
Usp37,1,1
Osbpl2,1,1
Fkbp2,1,1
Kdm2b,1,1
Arhgef9,1,1
Akr7a5,1,1
Tmem161a,1,1
Spats1,1,1
Arf4,1,1
Yipf1,1,1
Ttc37,1,1
Ice2,1,1
Gemin5,1,1
Phtf2,1,1
Xbp1,1,1
Tmem43,1,1
Lima1,1,1
Polr2a,1,1
Atp1a3,1,1
Tmem64,1,1
Nom1,1,1
Sdad1,1,1
Myl12b,1,1
Ap3d1,1,1
C1galt1,1,1
Eri2,1,1
Bbip1,1,1
Zbtb8os,1,1
Rin2,1,1
Plxna1,1,1
Tomm34,1,1
Cd2bp2,1,1
Zwint,1,1
Setd1b,1,1
Wdr75,1,1
Rtf1,1,1
Mtmr10,1,1
Tyw5,1,1
Adpgk,1,1
Ube2r2,1,1
Nufip1,1,1
Anapc16,1,1
Adcyap1r1,1,1
Map2k3,1,1
Slc25a37,1,1
Stradb,1,1
Dus4l,1,1
Ankrd10,1,1
Rad17,1,1
Lingo1,1,1
Serinc5,1,1
Map1lc3b,1,1
Hira,1,1
Slc22a21,1,1
Psmd9,1,1
Sf3a1,1,1
Bola3,1,1
Zfp273,1,1
Ddb2,1,1
Creld1,1,1
Faxc,1,1
Ubxn8,1,1
Map3k3,1,1
Tctn1,1,1
Rap1gap2,1,1
6530401F13Rik,1,1
Mapk9,1,1
Gclc,1,1
Dnajc14,1,1
Ubxn2a,1,1
Psma7,1,1
Nhlrc3,1,1
Glmn,1,1
Acad9,1,1
Aldh1l1,1,1
Gm21798,1,1
Polr3a,1,1
Dedd,1,1
Rab5a,1,1
Zfp2,1,1
Pim2,1,1
Chic1,1,1
Ndor1,1,1
Crtc1,1,1
Dnajc11,1,1
Mgat5,1,2
Tarsl2,1,1
Lmna,1,1
Mapk6,1,1
2410004B18Rik,1,1
Snx6,1,1
Iars2,1,1
Mks1,1,1
Spry2,1,0
Zfp719,1,1
Rnf19a,1,1
Nutf2,1,1
Cnpy3,1,1
Dlg3,1,1
Mbd4,1,1
Cend1,1,1
Fam76a,1,1
2700081O15Rik,1,1
Spata24,1,1
Cir1,1,1
Eya3,1,1
Pgrmc1,1,1
Mxra7,1,1
Lpar6,1,1
Stx5a,1,1
Pdgfd,1,2
Gpr108,1,1
Rab34,1,1
Arhgap24,1,1
Osbpl7,1,1
B9d1,1,1
Pfkfb3,1,1
Ankrd42,1,1
Arl2,1,1
Zfp709,1,1
1600010M07Rik,1,1
Xpc,1,1
Slc35c2,1,1
Supt5,1,1
Rnpep,1,1
Eftud2,1,1
Comt,1,1
Mrps31,1,1
Lsg1,1,1
Kdm4a,1,1
Crk,1,1
Mrpl23,1,1
Gap43,1,1
Pgls,1,1
Tada3,1,1
Zdhhc5,1,1
B4galt1,1,1
Spg11,1,1
Stk40,1,1
Dpy30,1,1
Maged2,1,1
Tmem120b,1,1
Zfp81,1,1
Taf1c,1,1
Cep120,1,1
Wdr91,1,1
Rnf208,1,1
Proser1,1,1
Atxn7l2,1,1
Dpy19l4,1,1
Pwp1,1,1
Rilpl1,1,1
Rnf166,1,1
Sept11,1,1
Phb,1,1
Klhl12,1,1
Phkg2,1,1
Nin,1,1
Gspt1,1,1
Smarcad1,1,1
9530051G07Rik,1,1
Zc3h4,1,1
Crebl2,1,1
Rnf114,1,1
Tmem18,1,1
Ing4,1,1
Gatad2a,1,1
Bbs1,1,1
Cmbl,1,1
Pigp,1,1
Amer1,1,1
Tmem14a,1,1
Pde7a,1,1
Mrpl24,1,1
Plec,1,1
Sestd1,1,1
Tbxas1,1,1
Nckap5l,1,1
Gpc4,1,1
Ift43,1,1
Taf12,1,1
Psma3,1,1
Utp20,1,1
Rpa1,1,1
Mak16,1,1
Wdfy1,1,1
Sp3,1,1
Adrb1,1,1
Ggcx,1,1
Arhgap1,1,1
P2rx4,1,1
Folh1,1,1
Zadh2,1,1
Plekhb1,1,1
Iffo2,1,1
Cap1,1,1
Nbr1,1,1
Zbtb21,1,1
Cirbp,1,1
Scnm1,1,1
Ackr4,1,1
Atg4b,1,1
Mrps23,1,1
L3mbtl2,1,1
Mrps12,1,1
Atp6v1e1,1,1
Sft2d1,1,1
Agk,1,1
Zfp512,1,1
Pdp1,1,1
Fopnl,1,1
Cc2d1b,1,1
Akirin2,1,1
Ccdc91,1,1
Tagln3,1,1
Ttc13,1,1
Klhl20,1,1
Micall1,1,1
Abhd13,1,1
Pip4k2b,1,1
Fbn1,1,1
Arfgap3,1,1
Ankrd13d,1,1
Uchl3,1,1
Cdc5l,1,1
Nup93,1,1
Rhot2,1,1
Ggt7,1,1
Ak4,1,1
Ly6h,1,1
Ptp4a2,1,1
Ccdc13,1,1
Rfesd,1,1
Snrpa1,1,1
9330179D12Rik,1,1
Myl12a,1,1
Anapc7,1,1
Nr2e1,1,1
Pbdc1,1,1
Setd4,1,1
Galnt7,1,1
Coro7,1,1
Sap25,1,1
Il1rap,1,1
P4htm,1,1
Klc1,1,1
Tubgcp6,1,1
Zbtb6,1,1
Bloc1s5,1,1
Timm8b,1,0
Tk2,1,1
Hmox2,1,1
Lrig3,1,1
Golt1b,1,1
Tspyl2,1,1
Dnttip2,1,1
Zfp874b,1,1
Ipo5,1,1
Ppid,1,1
Mettl17,1,1
Smarcd1,1,1
Agpat1,1,1
Akr1e1,1,1
Kbtbd8,1,1
Tubgcp3,1,1
2810405F17Rik,1,1
Chid1,1,1
Ubtd2,1,1
Clcn2,1,1
Mettl5,1,1
Otub1,1,1
Dtx2,1,1
Apip,1,1
Calhm2,1,1
Txnrd2,1,1
Caly,1,1
Sgtb,1,1
Zfp101,1,1
Ccdc181,1,1
Vps72,1,1
Poc1b,1,1
Alg3,1,1
2810049E08Rik,1,1
Dchs1,1,1
Cuedc2,1,1
Zmat5,1,1
Rad50,1,1
Ern1,1,1
Npc1,1,1
Nrbf2,1,1
Trim41,1,1
Megf8,1,1
Eif4h,1,1
Edem2,1,1
Gsap,1,1
Mex3c,1,1
Polh,1,1
Adck2,1,1
Slc44a2,1,1
Zfp770,1,1
Styx,1,1
Lysmd3,1,1
Dnajb12,1,1
Slain1,1,1
Dcaf13,1,1
Gas7,1,1
Xxylt1,1,1
Dync1i2,1,1
Ndufaf7,1,1
Stmn1,1,1
Ergic1,1,1
Nup50,1,1
Hdlbp,1,1
Sharpin,1,1
Ccnyl1,1,1
Asb8,1,1
Atp5h,1,1
Mtf1,1,1
Usp39,1,1
Sergef,1,1
Ska2,1,1
Neurl4,1,1
Tbc1d32,1,1
Zfp28,1,1
Rmdn3,1,1
Cnot10,1,1
Rbm10,1,1
Cacybp,1,1
Col5a2,1,1
Abhd6,1,1
Ikzf4,1,1
Wee1,1,1
B4galt6,1,1
4930430F08Rik,1,1
Sirt1,1,1
Slc2a12,1,1
Ndufv1,1,1
Apool,1,1
9330151L19Rik,1,1
Fam53b,1,1
Kctd4,1,1
Wipf3,1,1
Snx8,1,1
Wdyhv1,1,1
Rac1,1,1
Mtg1,1,1
Psma4,1,1
Usf2,1,1
Yes1,1,1
Sfr1,1,1
Mat2b,1,1
Ddt,1,1
Hltf,1,1
Fbxl19,1,1
Shprh,1,1
Zfyve27,1,1
Rtel1,1,1
Pccb,1,1
Cntrl,1,1
Polr3f,1,1
Rpl7a,1,1
Ube2a,1,1
Ubac1,1,1
Acbd3,1,1
Lrrk2,1,1
Pik3cb,1,1
Dclre1a,1,1
Ppp1cc,1,1
Kctd9,1,1
Stt3b,1,1
Mipep,1,1
Tti2,1,1
Bcorl1,1,1
Hook2,1,1
Mpp2,1,1
Ciao1,1,1
Rnf145,1,1
Tmem205,1,1
Gtf3c4,1,1
Scyl1,1,1
BC005561,1,1
Lclat1,1,1
Pepd,1,1
Gpr180,1,1
Fam219a,1,1
Zfp595,1,1
Dap3,1,1
Srsf3,1,1
Ebna1bp2,1,1
Rad18,1,1
Cep83,1,1
Eif6,1,1
Ptcd2,1,1
Map3k14,1,1
Traf3ip2,1,1
Laptm4b,1,1
Ntn4,1,1
Arfgap2,1,1
4921504A21Rik,1,1
6030442K20Rik,1,1
Crot,1,1
Nmnat3,1,1
Hgsnat,1,1
Lgals8,1,1
Secisbp2,1,1
Sh3yl1,1,1
Myrip,1,1
Scara3,1,1
4732440D04Rik,1,1
Eral1,1,1
Slc46a3,1,1
Dnaja1,1,1
Maf,1,1
Mkrn1,1,1
Lin54,1,1
Nt5m,1,1
Dpf1,1,1
Stard5,1,1
Rab13,1,1
Vrk1,1,1
Emc9,1,1
Zfp369,1,1
Nipa2,1,1
Tgs1,1,1
Foxg1,1,0
Brd2,1,1
Pcdhgc4,1,1
Pkn1,1,1
Per2,1,1
Eif2b4,1,1
Naa30,1,1
Mgrn1,1,1
Pycrl,1,1
C030005K06Rik,1,1
Zfp251,1,1
Neto2,1,1
Irf9,1,1
Zfp775,1,1
Cdk5rap2,1,1
Prr12,1,1
Ubap2,1,1
Cnot6,1,1
Rabl3,1,1
Vmp1,1,1
Rfxap,1,1
Katnal2,1,1
Wnt7b,1,1
Mmab,1,1
Fam57a,1,1
Gatb,1,1
Flii,1,1
Zmiz2,1,1
Ing2,1,1
Orc1,1,1
Slc1a4,1,1
Mrps18b,1,1
Tex261,1,1
Clk3,1,1
Sox8,1,1
Armc6,1,1
Mllt1,1,1
Exosc7,1,1
Znhit1,1,1
Asap3,1,1
Dr1,1,1
Gnpda1,1,1
Arhgap23,1,1
Myh9,1,1
Psmd6,1,1
Pms2,1,1
Gm21781,1,1
Sema4a,1,1
Dpf2,1,1
Pdgfrb,1,1
AU022252,1,1
Sgsm3,1,1
Kri1,1,1
Mon1a,1,1
Cobl,1,1
Dclre1c,1,1
A130014A01Rik,1,1
Chchd4,1,1
Sumf1,1,1
Ssbp4,1,1
Kdm3a,1,1
Ppp2r1a,1,1
Fam149a,1,1
Prpf38b,1,1
Map4k2,1,1
Rrp36,1,1
Snrnp200,1,1
Fuz,1,1
Paics,1,1
Rhbdl1,1,1
Btbd3,1,1
Pde9a,1,1
Rccd1,1,1
Spata1,1,1
Dhrs11,1,1
Zfr2,1,1
Hpcal4,1,1
B230369F24Rik,1,1
Xpnpep3,1,1
Fez1,1,1
Alkbh5,1,1
Usp12,1,1
Slc9a6,1,1
Use1,1,1
Tfb2m,1,1
Trim26,1,1
Gm15952,1,1
St8sia5,1,1
Vldlr,1,1
Far1os,1,1
Myom1,1,1
Mdc1,1,1
2210408I21Rik,1,1
Srsf7,1,1
Desi1,1,1
Acox1,1,1
Cant1,1,1
Gm13187,1,1
Tspyl4,1,1
Psmb6,1,1
Dnm2,1,1
Gm14286,1,1
Pbx2,1,1
Ccdc130,1,1
Atox1,1,1
Foxred1,1,1
Fastk,1,1
Eaf2,1,1
Ift52,1,1
Cdan1,1,1
Primpol,1,1
Ccz1,1,1
Adamts3,1,1
Mrps30,1,1
Nek6,1,1
Acot8,1,1
Poln,1,1
Tbc1d17,1,1
Cbx6,1,1
Sec22b,1,1
Rasgef1b,1,1
Slc6a8,1,1
Cox17,1,1
Mknk2,1,1
Dynll2,1,1
Sec14l1,1,1
Hipk1,1,1
4933406I18Rik,1,1
Cdk11b,1,1
Fbxo36,1,1
AA465934,1,1
Chac2,1,1
Traf2,1,1
Mllt11,1,1
Daglb,1,1
Zfp282,1,1
Ap5z1,1,1
Rfx2,1,1
Jrkl,1,1
Rnaset2a,1,1
Dot1l,1,1
Pop1,1,1
Bcl9l,1,1
Bcor,1,1
Rab40b,1,1
Fbxo44,1,1
Rassf1,1,1
Mblac2,1,1
Pgm3,1,1
Sft2d3,1,1
Mpc1,1,1
Pnp,1,1
Slc25a44,1,1
Nfu1,1,1
Vps11,1,1
Adh5,1,1
Psma5,1,1
Slc25a38,1,1
Scaf1,1,1
Ubr7,1,1
0610009E02Rik,1,1
Coq10a,1,1
Kif24,1,1
Ncstn,1,1
Ppp6c,1,1
Tcof1,1,1
Terf2,1,1
Srrm4,1,1
Gm26981,1,1
Poglut1,1,1
Phyhd1,1,1
Cpne8,1,0
Ccng2,1,1
Vangl2,1,1
Nr2f2,1,1
Efhd1,1,1
Denr,1,1
Dhdds,1,1
A430110L20Rik,1,1
Cwf19l1,1,1
Chgb,1,1
Cdc42se1,1,1
Abcb4,1,1
Bod1,1,1
Man2c1,1,1
Fam168b,1,1
Cdk2ap1,1,1
1300017J02Rik,1,1
Gne,1,1
Ppie,1,1
Dnah7c,1,2
Tmem11,1,1
Lta4h,1,1
Haus2,1,1
Ctns,1,1
Lmo3,1,1
Fat1,1,1
BC005537,1,1
5031434O11Rik,1,1
Rnf135,1,1
Rnf220,1,1
Gm12296,1,1
Tmem251,1,1
Ppp2cb,1,1
Fahd1,1,1
Fam104a,1,1
Trappc6a,1,1
Orc6,1,1
Actn1,1,1
Spsb3,1,1
Tnfaip6,1,1
Gm11417,1,1
Grk5,1,1
Rnf40,1,1
Phc2,1,1
Cenpp,1,1
Urm1,1,1
Ykt6,1,1
Adarb1,1,1
Cbll1,1,1
Snrpc,1,1
Cenpc1,1,1
Coq5,1,1
Zfp408,1,1
Wdr81,1,1
Ttl,1,1
Reln,1,1
Rnf181,1,1
Eif3d,1,1
Acat1,1,1
Gtf2ird2,1,1
Tmem237,1,1
Gt(ROSA)26Sor,1,1
Tvp23b,1,1
Lhfpl4,1,1
Syvn1,1,1
B3gntl1,1,1
Ddb1,1,1
Arid3b,1,1
Gabpa,1,1
Pnrc1,1,1
Rhpn2,1,1
2500004C02Rik,1,1
Cenpo,1,1
Dnmbp,1,1
Aggf1,1,1
Klhl26,1,1
Tmem8b,1,1
Dab2ip,1,1
Bmp1,1,1
Srfbp1,1,1
Nmnat1,1,1
Sptssa,1,1
Cacng4,1,1
Rpp30,1,1
Tpcn2,1,1
Mrps27,1,1
Sgpl1,1,1
Ube2o,1,1
Gss,1,1
2210016F16Rik,1,1
Sp2,1,1
Aebp2,1,1
Fstl1,1,1
Golga3,1,1
Zswim3,1,1
Hmces,1,1
Mrps11,1,1
Tapbp,1,1
E4f1,1,1
Gm17092,1,1
Mettl7a1,1,1
Kif5a,1,1
Dusp15,1,1
6430590A07Rik,1,1
Rab1b,1,1
Vps51,1,1
Trit1,1,1
Slc5a3,1,1
Letmd1,1,1
Capn10,1,1
Amotl2,1,1
Sar1a,1,1
Ccnk,1,1
Usp10,1,1
Ttll8,1,1
Kctd17,1,1
Ankra2,1,1
Ppil3,1,1
Eml1,1,1
Zbtb34,1,1
Snca,1,1
Zfp446,1,1
Mkln1os,1,1
Wdtc1,1,1
Trip4,1,1
1110065P20Rik,1,1
B130055M24Rik,1,1
Ghitm,1,1
Pdhx,1,1
Pcbp4,1,1
Slc39a6,1,1
Ugdh,1,1
C2cd2l,1,1
Prkar2a,1,1
Slc29a3,1,1
Cyb5a,1,1
Btbd8,1,1
Dtwd2,1,1
Sept3,1,1
Usp5,1,1
Homer2,1,1
Atg2b,1,1
Wipf1,1,1
Dffa,1,1
Wdr53,1,1
Tsacc,1,1
Usp21,1,1
Ubl7,1,1
Prkaa1,1,1
Nedd1,1,1
Zfp219,1,1
Cd99l2,1,1
Tmem53,1,1
Fktn,1,1
Gm15787,1,1
Gas8,1,1
Zcchc14,1,1
Aass,1,1
Pphln1,1,1
Klhdc3,1,1
Gnai2,1,1
Gabra1,1,1
Gm17494,1,1
Nsun5,1,1
Gtpbp1,1,1
Rnf7,1,1
Dnajc17,1,1
Zfp809,1,1
Gpatch2l,1,1
Zfp65,1,1
Ypel5,1,1
Pex7,1,1
Tctn3,1,1
Zfp507,1,1
Tmco4,1,1
Rbbp8,1,1
Cramp1l,1,1
1810062O18Rik,1,1
Ints12,1,1
Fam78b,1,1
Rfwd3,1,1
Psmd3,1,1
Pelp1,1,1
Tifa,1,1
Sirt2,1,1
Lemd3,1,1
Pde2a,1,1
Ppp1r7,1,1
Qtrt1,1,1
Larp1b,1,1
Park7,1,1
Zfp780b,1,1
Dcun1d1,1,1
Fbxo30,1,1
Lyrm7,1,1
Il17ra,1,1
Gm26590,1,1
Unc13a,1,1
Axin1,1,1
Tbc1d7,1,1
Lamtor1,1,1
Tnks1bp1,1,1
Wrnip1,1,1
Zfp212,1,1
Lrrc51,1,1
Trappc6b,1,1
Abce1,1,1
Arap1,1,1
1500015A07Rik,1,1
Naa50,1,1
Dgcr2,1,1
4732491K20Rik,1,1
Ubxn11,1,1
Ankrd54,1,1
Zfp622,1,1
Zfp846,1,1
Ppp4r4,1,1
Swi5,1,1
Snrpd3,1,1
Stx2,1,1
1600020E01Rik,1,1
Lyrm2,1,1
Sema4g,1,1
Mbd6,1,1
Scaf11,1,1
Rhobtb2,1,1
Tbl3,1,1
Gm16066,1,1
Fn3k,1,1
Atp5c1,1,1
Gm17491,1,1
Snupn,1,1
Taldo1,1,1
Ccdc28a,1,1
Lcmt1,1,1
Garnl3,1,1
Knop1,1,1
D330041H03Rik,1,1
Snx11,1,1
Fam13a,1,1
1110004F10Rik,1,1
Rbm7,1,1
Rfc1,1,1
Pex11b,1,1
Plin3,1,1
Col9a3,1,1
Ptp4a3,1,1
H2afz,1,0
Taf1,1,1
Rsrc2,1,1
Smad7,1,1
Faim,1,1
Oxnad1,1,1
Prelid1,1,1
Ninj2,1,1
Sap30l,1,1
Trub1,1,1
D230025D16Rik,1,1
Ccdc90b,1,1
Klhl28,1,1
Cfap97,1,1
Colgalt1,1,1
Aqp11,1,1
Acot6,1,1
Nceh1,1,1
Dnajc2,1,1
Rbm18,1,1
Ostf1,1,1
Usp1,1,1
Fbxo25,1,1
Lactb,1,1
Ube3b,1,1
Zkscan6,1,1
Mfsd1,1,1
Tmem201,1,1
Zfp119a,1,1
Atp6v1c1,1,1
Tubgcp4,1,1
Mtap,1,1
Ass1,1,1
Fam76b,1,1
Ngrn,1,1
Mrpl47,1,1
Zfp760,1,1
Srp68,1,1
Rmnd1,1,1
Kdm8,1,1
Smim13,1,1
3110009E18Rik,1,1
Bnip3,1,1
Tmem263,1,1
Ppp2r5d,1,1
Wars2,1,1
Evi5l,1,1
Cbl,1,1
Mlst8,1,1
Tfam,1,1
Rpap1,1,1
Abhd5,1,1
Zbtb33,1,1
Nfkbiz,1,1
Vps53,1,1
Gin1,1,1
Pdhb,1,1
Klc2,1,1
Csrnp2,1,1
Ppp2r3d,1,1
Lgalsl,1,1
Cpsf4,1,1
Nudt6,1,1
Bag1,1,1
Pdcd2l,1,1
Qars,1,1
Osgin2,1,1
Scrib,1,1
Ebf4,1,1
Gm20457,1,1
Letm1,1,1
4930453N24Rik,1,1
Mettl16,1,1
Lzic,1,1
Syt16,1,1
Kat8,1,1
Foxj2,1,1
Zfp229,1,1
Abhd14b,1,1
Rsph3b,1,1
Vamp3,1,1
Tubb3,1,1
Dtd2,1,1
Cct6a,1,1
Rbm17,1,1
Arl14ep,1,1
Zscan20,1,1
Smim4,1,1
Gatc,1,1
Eps8l1,1,1
Med1,1,1
Riok3,1,1
Zfp367,1,1
Zfp3,1,1
Nob1,1,1
Ttf1,1,1
Ost4,1,1
Safb,1,1
Arl8b,1,1
Ccdc66,1,1
Coq4,1,1
Cdk5,1,1
Snx15,1,1
4933411O13Rik,1,1
Pttg1,1,1
St6galnac4,1,1
Dhodh,1,1
Cbx1,1,1
Hyal1,1,1
Slc35f4,1,1
Wdr47,1,1
Nsun4,1,1
Gm27017,1,1
Slc39a11,1,2
Ranbp10,1,1
Gm15991,1,1
Srrd,1,1
Zfp560,1,1
Parp16,1,1
Dazap2,1,1
Zfp335os,1,1
Tmem143,1,1
1700030K09Rik,1,1
Hscb,1,1
Wdr19,1,1
Cfp,1,1
Zgrf1,1,1
Tbc1d14,1,1
Siae,1,1
Zfp467,1,1
Zbtb17,1,1
Acvr2b,1,1
Utp14a,1,1
Hint2,1,1
Sorbs3,1,1
Atp6v0a2,1,1
Sucla2,1,1
Kcnc2,1,1
Mtfr1,1,1
Mtpap,1,1
Mrpl22,1,1
Ap1m1,1,1
Usp20,1,1
Mkrn2,1,1
Synpr,1,0
Impg2,1,1
Tmem230,1,1
Eln,1,1
Pnmal2,1,1
Snx16,1,1
Cse1l,1,1
Rxra,1,1
Ipp,1,1
Fgfbp3,1,1
Napg,1,1
Msantd3,1,1
Uqcc2,1,1
Snap47,1,1
Stoml1,1,1
Zdhhc2,1,1
Gm15577,1,1
Ech1,1,1
Gk5,1,1
Slc29a2,1,1
Pitpnb,1,1
Tbc1d2b,1,1
Odc1,1,1
Acvr1c,1,1
1500011B03Rik,1,1
Ccdc74a,1,1
Cdc37,1,1
Tbc1d23,1,1
Bag6,1,1
Nup54,1,1
Zfp865,1,1
Rsph3a,1,1
Nkx2-2,1,1
Slc30a4,1,1
Heatr5b,1,1
Aatk,1,1
Ddx20,1,1
Ap4b1,1,1
Il15ra,1,1
Cndp2,1,1
Polr2j,1,1
Slc36a1,1,1
Frrs1,1,1
Kptn,1,1
Tsta3,1,1
Vps45,1,1
Leprotl1,1,1
Rras2,1,1
Gnl3l,1,1
Ino80e,1,1
Snhg1,1,1
Fahd2a,1,1
Hus1,1,1
Pigv,1,1
Hmgxb3,1,1
Cul4b,1,1
Gm21954,1,1
Dcaf15,1,1
D2hgdh,1,1
Cklf,1,1
Hdac1,1,1
Neil1,1,1
Med26,1,1
Erlin2,1,1
Gusb,1,1
Fbxw2,1,1
Tnk2,1,1
Mir22hg,1,1
Lrp3,1,1
B2m,1,1
Cbr4,1,1
Eif4a3,1,1
Bcl7b,1,1
Mios,1,1
Mvp,1,1
Trappc1,1,1
Pdzd4,1,1
Sdf2,1,1
Nkd1,1,1
Mtfp1,1,1
Piga,1,1
Rnf5,1,1
Msh6,1,1
Mthfd1l,1,1
Fzr1,1,1
Chmp1a,1,1
Ddx59,1,1
Cdc26,1,1
Wdr76,1,1
Shd,1,1
Brpf3,1,1
Lrrn1,1,1
Nnt,1,1
Pigyl,1,1
Zfp84,1,1
Ptk2b,1,1
3110056K07Rik,1,1
Dmpk,1,1
Zfp428,1,1
Gm26660,1,1
Zfp787,1,1
Tmem184c,1,1
Srpk1,1,1
Ddx23,1,1
Numbl,1,1
Slc35b4,1,1
Lurap1,1,1
1600002K03Rik,1,0
2310011J03Rik,1,1
Ptbp1,1,1
Upf3a,1,1
Ccdc106,1,1
Fkbp7,1,1
Nrros,1,1
Cyb561a3,1,1
Ldhd,1,1
Ift88,1,1
Vars,1,1
Dna2,1,1
Gm26873,1,1
Tcirg1,1,1
Sh3rf3,1,1
Topbp1,1,1
Mettl14,1,1
