cell_type,gene,DEG,pred,atac
Oligo_NN,Gigyf1,0,-1,1.0
Oligo_NN,Gtf3c4,0,0,1.0
Oligo_NN,Nr1h2,0,-1,1.0
Oligo_NN,B230206L02Rik,0,0,1.0
Oligo_NN,Cnot3,0,0,1.0
Oligo_NN,A430106G13Rik,0,-1,1.0
Oligo_NN,Plekha5,0,1,1.0
Oligo_NN,Usp37,0,1,1.0
Oligo_NN,Thap4,0,0,1.0
Oligo_NN,Chid1,0,0,1.0
Oligo_NN,Dhx57,0,0,1.0
Oligo_NN,Acap3,0,-1,1.0
Oligo_NN,Pex16,0,-1,1.0
Oligo_NN,Nrg1,0,1,1.0
Oligo_NN,Casp2,0,0,1.0
Oligo_NN,Atxn1l,0,-1,1.0
Oligo_NN,Dlgap4,0,1,1.0
Oligo_NN,Satb1,0,0,1.0
Oligo_NN,Ube2v1,0,0,1.0
Oligo_NN,Mlec,0,-1,1.0
Oligo_NN,Vps52,0,-1,1.0
Oligo_NN,Tti2,0,0,1.0
Oligo_NN,Nup93,0,0,1.0
Oligo_NN,Nlgn1,0,1,1.0
Oligo_NN,Arid5b,0,1,1.0
Oligo_NN,Dpy30,0,0,1.0
Oligo_NN,Ngly1,0,0,1.0
Oligo_NN,Riok2,0,0,1.0
Oligo_NN,Mycbp2,0,1,1.0
Oligo_NN,Ncapg2,0,1,1.0
Oligo_NN,Hdlbp,0,0,1.0
Oligo_NN,Prkaa1,0,0,1.0
Oligo_NN,Crebl2,0,0,1.0
Oligo_NN,Xbp1,0,-1,1.0
Oligo_NN,Wdr17,0,1,1.0
Oligo_NN,Impact,0,0,1.0
Oligo_NN,Mtmr14,0,0,1.0
Oligo_NN,Anxa7,0,0,1.0
Oligo_NN,Klf15,0,-1,1.0
Oligo_NN,Cstf3,0,1,1.0
Oligo_NN,Llph,0,-1,1.0
Oligo_NN,6330562C20Rik,0,-1,1.0
Oligo_NN,Nsmce4a,0,0,1.0
Oligo_NN,Mgat3,0,-1,1.0
Oligo_NN,Pde3a,0,1,1.0
Oligo_NN,Mvk,0,-1,1.0
Oligo_NN,Pgrmc2,0,0,1.0
Oligo_NN,Mitd1,0,0,1.0
Oligo_NN,Cyth1,0,0,1.0
Oligo_NN,Thoc5,0,0,1.0
Oligo_NN,4932438A13Rik,0,1,1.0
Oligo_NN,Mccc2,0,0,1.0
Oligo_NN,D2hgdh,0,0,1.0
Oligo_NN,Rtca,0,0,1.0
Oligo_NN,Tnrc6c,0,1,1.0
Oligo_NN,Sephs1,0,0,1.0
Oligo_NN,Srcap,0,0,1.0
Oligo_NN,Gm29237,0,-1,1.0
Oligo_NN,Chd2,0,0,1.0
Oligo_NN,Gm15246,0,-1,1.0
Oligo_NN,Zfat,0,1,1.0
Oligo_NN,Scaper,0,1,1.0
Oligo_NN,Bcas1,0,0,1.0
Oligo_NN,Tob1,0,-1,1.0
Oligo_NN,Flna,0,1,1.0
Oligo_NN,4930558K02Rik,0,0,1.0
Oligo_NN,Hibch,0,0,1.0
Oligo_NN,C630043F03Rik,0,-1,1.0
Oligo_NN,Anapc2,0,0,1.0
Oligo_NN,B230206H07Rik,0,-1,1.0
Oligo_NN,Abcd1,0,-1,1.0
Oligo_NN,Ppme1,0,1,1.0
Oligo_NN,6720489N17Rik,0,-1,1.0
Oligo_NN,Mcee,0,0,1.0
Oligo_NN,Cystm1,0,0,1.0
Oligo_NN,Ugcg,0,0,1.0
Oligo_NN,Ccdc84,0,-1,1.0
Oligo_NN,Nploc4,0,0,1.0
Oligo_NN,Eno1,0,-1,1.0
Oligo_NN,Fbxw7,0,0,1.0
Oligo_NN,BC005537,0,-1,1.0
Oligo_NN,Cyfip1,0,1,1.0
Oligo_NN,Arglu1,0,0,1.0
Oligo_NN,Iqgap1,0,0,1.0
Oligo_NN,Aldh7a1,0,1,1.0
Oligo_NN,Prkaa2,0,0,1.0
Oligo_NN,Heg1,0,1,1.0
Oligo_NN,Mark1,0,1,1.0
Oligo_NN,Hdac1,0,0,1.0
Oligo_NN,Hnrnph2,0,-1,1.0
Oligo_NN,Tmem170,0,-1,1.0
Oligo_NN,Kmt2a,0,0,1.0
Oligo_NN,Tom1l2,0,0,1.0
Oligo_NN,Mknk1,0,0,1.0
Oligo_NN,Ptcd3,0,-1,1.0
Oligo_NN,Slk,0,-1,1.0
Oligo_NN,Exoc3,0,-1,1.0
Oligo_NN,Lmbr1l,0,-1,1.0
Oligo_NN,Med30,0,0,1.0
Oligo_NN,Ubox5,0,0,1.0
Oligo_NN,Gsta3,0,0,1.0
Oligo_NN,Inpp5a,0,1,1.0
Oligo_NN,Syne1,0,-1,1.0
Oligo_NN,Tmem50b,0,0,1.0
Oligo_NN,Bbip1,0,-1,1.0
Oligo_NN,Gm16794,0,-1,1.0
Oligo_NN,Seh1l,0,0,1.0
Oligo_NN,Phyh,0,1,1.0
Oligo_NN,Tcf3,0,-1,1.0
Oligo_NN,Ube2f,0,0,1.0
Oligo_NN,Ppp2r5e,0,1,1.0
Oligo_NN,Ccnk,0,-1,1.0
Oligo_NN,Gm19705,0,0,1.0
Oligo_NN,Eif4a3,0,-1,1.0
Oligo_NN,Ubxn2a,0,0,1.0
Oligo_NN,Inpp4a,0,-1,1.0
Oligo_NN,Ubap2l,0,0,1.0
Oligo_NN,Irs1,0,0,1.0
Oligo_NN,Gm14296,0,-1,1.0
Oligo_NN,Fance,0,-1,1.0
Oligo_NN,Tex261,0,0,1.0
Oligo_NN,Ppp3ca,0,1,1.0
Oligo_NN,Chd9,0,1,1.0
Oligo_NN,Mbd2,0,0,1.0
Oligo_NN,Ube2j1,0,0,1.0
Oligo_NN,Sdk2,0,1,1.0
Oligo_NN,Nfyc,0,0,1.0
Oligo_NN,Rnf213,0,1,1.0
Oligo_NN,1110059E24Rik,0,0,1.0
Oligo_NN,Ghitm,0,-1,1.0
Oligo_NN,Dzank1,0,0,1.0
Oligo_NN,Lipe,0,0,1.0
Oligo_NN,Pcp4,0,0,1.0
Oligo_NN,Caap1,0,0,1.0
Oligo_NN,Hnrnpk,0,-1,1.0
Oligo_NN,Psmd3,0,-1,1.0
Oligo_NN,Trmt10a,0,-1,1.0
Oligo_NN,Mocs1,0,0,1.0
Oligo_NN,Cct8,0,0,1.0
Oligo_NN,Zbtb6,0,-1,1.0
Oligo_NN,Purg,0,0,1.0
Oligo_NN,Cacybp,0,-1,1.0
Oligo_NN,Rexo4,0,-1,1.0
Oligo_NN,Phf21a,0,1,1.0
Oligo_NN,Mpped2,0,1,1.0
Oligo_NN,Dimt1,0,0,1.0
Oligo_NN,Slc43a2,0,-1,1.0
Oligo_NN,Mrps21,0,-1,1.0
Oligo_NN,Rab22a,0,-1,1.0
Oligo_NN,Ldlrad3,0,1,1.0
Oligo_NN,Mrps33,0,-1,1.0
Oligo_NN,Slc10a7,0,-1,1.0
Oligo_NN,Bckdhb,0,-1,1.0
Oligo_NN,Zfp868,0,0,1.0
Oligo_NN,Auts2,0,1,1.0
Oligo_NN,Cyb5b,0,0,1.0
Oligo_NN,Zfp511,0,-1,1.0
Oligo_NN,Eci2,0,1,1.0
Oligo_NN,Tmem178b,0,1,1.0
Oligo_NN,Gucy1a2,0,0,1.0
Oligo_NN,Gtf2e2,0,0,1.0
Oligo_NN,Ppcdc,1,0,1.0
Oligo_NN,Slc4a10,1,1,1.0
Oligo_NN,Hint1,-1,-1,1.0
Oligo_NN,Abcb8,-1,-1,1.0
Oligo_NN,Atp6v0c,-1,-1,1.0
Oligo_NN,Eif1b,-1,-1,1.0
Oligo_NN,Unc5b,-1,0,1.0
Oligo_NN,A330023F24Rik,1,1,1.0
Oligo_NN,Svil,1,0,1.0
Oligo_NN,Pcsk1n,-1,0,1.0
Oligo_NN,Tmem134,-1,-1,1.0
Oligo_NN,Rpl15,-1,-1,1.0
Oligo_NN,Sybu,1,1,1.0
Oligo_NN,Robo1,1,1,1.0
Oligo_NN,Atp5g3,-1,-1,1.0
Oligo_NN,Olig1,-1,-1,1.0
Oligo_NN,Prtg,1,1,1.0
Oligo_NN,Trank1,1,1,1.0
Oligo_NN,Gdap1,1,1,1.0
Oligo_NN,Camk1d,-1,1,1.0
Oligo_NN,Cntnap5b,1,1,1.0
Oligo_NN,Flnb,1,0,1.0
Oligo_NN,Optn,1,1,1.0
Oligo_NN,Cachd1,1,1,1.0
Oligo_NN,Nme2,-1,-1,1.0
Oligo_NN,Ndufa8,-1,-1,1.0
Oligo_NN,Dhrs7,-1,-1,1.0
Oligo_NN,Ndufb10,-1,-1,1.0
Oligo_NN,Pros1,1,1,1.0
Oligo_NN,Zfp521,-1,0,1.0
Oligo_NN,Tsn,-1,0,1.0
Oligo_NN,D430041D05Rik,1,0,1.0
Oligo_NN,Wwox,1,1,1.0
Oligo_NN,Irak3,1,1,1.0
Oligo_NN,Lin54,1,0,1.0
Oligo_NN,Sp4,1,0,1.0
Oligo_NN,Zer1,-1,-1,1.0
Oligo_NN,Taf3,1,0,1.0
Oligo_NN,Vkorc1,-1,-1,1.0
Oligo_NN,Cyb5r4,1,0,1.0
Oligo_NN,Calm1,-1,-1,1.0
Oligo_NN,Atp5l,-1,-1,1.0
Oligo_NN,Tmed9,-1,-1,1.0
Oligo_NN,Pnkd,-1,0,1.0
Oligo_NN,Plp1,-1,0,1.0
Oligo_NN,Slc22a5,1,0,1.0
Oligo_NN,Aplp2,-1,-1,1.0
Oligo_NN,Sh3bgrl,1,-1,1.0
Oligo_NN,Pkia,1,1,1.0
Oligo_NN,Ssr2,-1,-1,1.0
Oligo_NN,Rps9,-1,-1,1.0
Oligo_NN,Ttr,-1,-1,1.0
Oligo_NN,Fgd4,1,1,1.0
Oligo_NN,Sqle,-1,0,1.0
Oligo_NN,Degs1,-1,-1,1.0
Oligo_NN,Pop5,-1,-1,1.0
Oligo_NN,Ssna1,-1,-1,1.0
Oligo_NN,Add1,-1,0,1.0
Oligo_NN,Tcf7l1,-1,-1,1.0
Oligo_NN,Rpl4,-1,-1,1.0
Oligo_NN,Fkbp2,-1,-1,1.0
Oligo_NN,Cldn11,-1,-1,1.0
Oligo_NN,Pdlim1,1,1,1.0
Oligo_NN,Tank,1,0,1.0
Oligo_NN,Apoe,-1,1,1.0
Oligo_NN,Tsnax,-1,0,1.0
Oligo_NN,Ptpn11,-1,0,1.0
Oligo_NN,Prune2,-1,0,1.0
Oligo_NN,Rpl18,-1,-1,1.0
Oligo_NN,Unc13c,1,-1,1.0
Oligo_NN,Tbc1d4,1,1,1.0
Oligo_NN,2810468N07Rik,-1,-1,1.0
Oligo_NN,Ddit4,-1,-1,1.0
Oligo_NN,Slc25a4,-1,-1,1.0
Oligo_NN,Snhg3,-1,-1,1.0
Oligo_NN,1810058I24Rik,-1,-1,1.0
Oligo_NN,Bace1,-1,-1,1.0
Oligo_NN,St3gal2,1,1,1.0
Oligo_NN,Bex2,-1,-1,1.0
Oligo_NN,Lgr4,1,1,1.0
Oligo_NN,Atp5h,-1,-1,1.0
Oligo_NN,Eef1d,-1,-1,1.0
Oligo_NN,Myef2,1,0,1.0
Oligo_NN,Ndufb3,-1,-1,1.0
Oligo_NN,Gpc5,1,0,1.0
Oligo_NN,Nxpe4,1,-1,1.0
Oligo_NN,Ptpn13,-1,-1,1.0
Oligo_NN,Csmd3,1,1,1.0
Oligo_NN,Sema5a,-1,-1,1.0
Oligo_NN,Stmn1,-1,-1,1.0
Oligo_NN,Cltb,-1,-1,1.0
Oligo_NN,0610012G03Rik,-1,-1,1.0
Oligo_NN,Sned1,1,0,1.0
Oligo_NN,Pcgf5,1,1,1.0
Oligo_NN,Man1a,-1,-1,1.0
Oligo_NN,Rps13,-1,-1,1.0
Oligo_NN,Adprh,-1,-1,1.0
Oligo_NN,Ubb,-1,-1,1.0
Oligo_NN,Pea15a,-1,-1,1.0
Oligo_NN,P2rx7,1,1,1.0
Oligo_NN,Emc6,-1,-1,1.0
Oligo_NN,Myl12b,-1,0,1.0
Oligo_NN,Arhgap15,1,0,1.0
Oligo_NN,Mgll,-1,-1,1.0
Oligo_NN,Gabarap,-1,-1,1.0
Oligo_NN,Ncor2,-1,-1,1.0
Oligo_NN,Ankub1,1,-1,1.0
Oligo_NN,Rab6b,-1,0,1.0
Oligo_NN,Krtcap2,-1,-1,1.0
Oligo_NN,Rps18,-1,-1,1.0
Oligo_NN,Kif5b,1,0,1.0
Oligo_NN,Aff2,1,-1,1.0
Oligo_NN,Cstb,-1,-1,1.0
Oligo_NN,Hsp90ab1,-1,-1,1.0
Oligo_NN,Gpx4,-1,-1,1.0
Oligo_NN,Dach1,1,1,1.0
Oligo_NN,Mrps12,-1,-1,1.0
Oligo_NN,Tmem59,-1,0,1.0
Oligo_NN,Rnasek,-1,-1,1.0
Oligo_NN,Itpk1,-1,0,1.0
Oligo_NN,Ndrg1,-1,-1,1.0
Oligo_NN,Smurf1,-1,-1,1.0
Oligo_NN,Rps6,-1,-1,1.0
Oligo_NN,Ndufc1,-1,-1,1.0
Oligo_NN,Sez6l2,-1,0,1.0
Oligo_NN,Snapc3,1,0,1.0
Oligo_NN,Ube2m,-1,-1,1.0
Oligo_NN,Nfia,1,1,1.0
Oligo_NN,Itpr1,1,1,1.0
Oligo_NN,Hnrnpa0,-1,-1,1.0
Oligo_NN,Psmb1,-1,0,1.0
Oligo_NN,Tenm2,1,1,1.0
Oligo_NN,Prnp,-1,0,1.0
Oligo_NN,Ptgds,-1,-1,1.0
Oligo_NN,Ubc,-1,-1,1.0
Oligo_NN,Mien1,-1,-1,1.0
Oligo_NN,Adam10,1,1,1.0
Oligo_NN,Wars2,1,0,1.0
Oligo_NN,7630403G23Rik,1,-1,1.0
Oligo_NN,Capzb,-1,1,1.0
Oligo_NN,Ptprm,1,1,1.0
Oligo_NN,AY036118,-1,-1,1.0
Oligo_NN,Gemin7,-1,-1,1.0
Oligo_NN,Pgk1,-1,-1,1.0
Oligo_NN,Znhit1,-1,-1,1.0
Oligo_NN,Slc35a3,1,0,1.0
Oligo_NN,Pdcd5,-1,-1,1.0
Oligo_NN,Trappc2l,-1,-1,1.0
Oligo_NN,Dner,-1,-1,1.0
Oligo_NN,Rpl17,-1,-1,1.0
Oligo_NN,Pdgfc,-1,0,1.0
Oligo_NN,Afap1l1,1,0,1.0
Oligo_NN,Slc15a2,-1,0,1.0
Oligo_NN,Tbcb,-1,-1,1.0
Oligo_NN,Atp6ap1,-1,-1,1.0
Oligo_NN,Pigq,-1,-1,1.0
Oligo_NN,Lcp1,-1,-1,1.0
Oligo_NN,Yif1b,-1,-1,1.0
Oligo_NN,Slc9b2,1,1,1.0
Oligo_NN,Rpl19,-1,-1,1.0
Oligo_NN,Fzd3,-1,0,1.0
Oligo_NN,Naa38,-1,-1,1.0
Oligo_NN,Tmem189,-1,0,1.0
Oligo_NN,Tbc1d23,1,1,1.0
Oligo_NN,Txnl4a,-1,0,1.0
Oligo_NN,Atox1,-1,-1,1.0
Oligo_NN,Edf1,-1,-1,1.0
Oligo_NN,Cpt1c,-1,-1,1.0
Oligo_NN,Cobll1,1,0,1.0
Oligo_NN,Il33,1,1,1.0
Oligo_NN,Tmem88b,-1,-1,1.0
Oligo_NN,Txndc11,1,0,1.0
Oligo_NN,Qdpr,-1,-1,1.0
Oligo_NN,Cldn14,-1,-1,1.0
Oligo_NN,Tmem131,1,1,1.0
Oligo_NN,Ndufs3,-1,-1,1.0
Oligo_NN,Ociad1,-1,-1,1.0
Oligo_NN,Scd2,-1,-1,1.0
Oligo_NN,Cdc14a,1,1,1.0
Oligo_NN,Gm16759,1,1,1.0
Oligo_NN,Gng11,-1,-1,1.0
Oligo_NN,Eif1,-1,-1,1.0
Oligo_NN,P2rx4,1,1,1.0
Oligo_NN,Ctdspl,1,1,1.0
Oligo_NN,Filip1,1,1,1.0
Oligo_NN,Eya3,1,1,1.0
Oligo_NN,Gnas,-1,0,1.0
Oligo_NN,Acsl3,-1,0,1.0
Oligo_NN,Cox4i1,-1,-1,1.0
Oligo_NN,S1pr5,-1,-1,1.0
Oligo_NN,Mob3b,1,0,1.0
Oligo_NN,Efna5,1,1,1.0
Oligo_NN,Mapk8ip1,-1,-1,1.0
Oligo_NN,Gpd1,-1,-1,1.0
Oligo_NN,Tomm6,-1,-1,1.0
Oligo_NN,Eif4h,-1,-1,1.0
Oligo_NN,H3f3a,-1,0,1.0
Oligo_NN,B230219D22Rik,-1,-1,1.0
Oligo_NN,Slc12a8,1,1,1.0
Oligo_NN,Itgb5,1,1,1.0
Oligo_NN,Vwa3b,1,1,1.0
Oligo_NN,Gde1,-1,-1,1.0
Oligo_NN,Pgp,-1,-1,1.0
Oligo_NN,A230009B12Rik,1,0,1.0
Oligo_NN,Rabac1,-1,-1,1.0
Oligo_NN,Hdac5,-1,-1,1.0
Oligo_NN,Gstp1,-1,-1,1.0
Oligo_NN,Zcwpw2,1,0,1.0
Oligo_NN,Rpl34,-1,-1,1.0
Oligo_NN,Mtmr2,-1,-1,1.0
Oligo_NN,Cbx6,-1,-1,1.0
Oligo_NN,Cep70,1,1,1.0
Oligo_NN,Eif3k,-1,-1,1.0
Oligo_NN,Cep128,1,1,1.0
Oligo_NN,Pa2g4,-1,-1,1.0
Oligo_NN,Plxdc2,1,1,1.0
Oligo_NN,Apod,-1,0,1.0
Oligo_NN,Phgdh,-1,-1,1.0
Oligo_NN,C130071C03Rik,1,1,1.0
Oligo_NN,Ctsd,-1,0,1.0
Oligo_NN,Rps11,-1,-1,1.0
Oligo_NN,Eya4,1,1,1.0
Oligo_NN,Adam15,-1,-1,1.0
Oligo_NN,Ric3,1,1,1.0
Oligo_NN,Rps27,-1,-1,1.0
Oligo_NN,Phka1,1,1,1.0
Oligo_NN,Nav1,1,0,1.0
Oligo_NN,Cd9,-1,-1,1.0
Oligo_NN,E130307A14Rik,1,1,1.0
Oligo_NN,Cpe,-1,0,1.0
Oligo_NN,Aldh1a1,1,1,1.0
Oligo_NN,Rhog,-1,-1,1.0
Oligo_NN,Hist3h2ba,-1,-1,1.0
Oligo_NN,Kcnq1ot1,1,1,1.0
Oligo_NN,Tmtc1,-1,-1,1.0
Oligo_NN,4732471J01Rik,1,-1,1.0
Oligo_NN,Crlf3,1,1,1.0
Oligo_NN,Rpl11,-1,0,1.0
Oligo_NN,Vwa8,1,1,1.0
Oligo_NN,Arpc5,-1,-1,1.0
Oligo_NN,Bod1,-1,-1,1.0
Oligo_NN,Sparc,-1,1,1.0
Oligo_NN,Dlst,1,1,1.0
Oligo_NN,Rpl28,-1,-1,1.0
Oligo_NN,Guk1,-1,-1,1.0
Oligo_NN,3110021N24Rik,-1,0,1.0
Oligo_NN,Sh3kbp1,1,1,1.0
Oligo_NN,Rpl22,-1,-1,1.0
Oligo_NN,Tuba1b,-1,-1,1.0
Oligo_NN,Sptlc2,-1,-1,1.0
Oligo_NN,Fau,-1,-1,1.0
Oligo_NN,Rgma,1,1,1.0
Oligo_NN,Pdia3,-1,0,1.0
Oligo_NN,Abcg2,-1,-1,1.0
Oligo_NN,Slmap,1,0,1.0
Oligo_NN,Kdelr1,-1,-1,1.0
Oligo_NN,Slc25a3,-1,-1,1.0
Oligo_NN,Smarcd1,-1,-1,1.0
Oligo_NN,Tcf25,-1,0,1.0
Oligo_NN,Ssr3,-1,0,1.0
Oligo_NN,Jkamp,-1,-1,1.0
Oligo_NN,Mid1ip1,-1,-1,1.0
Oligo_NN,Pomp,-1,-1,1.0
Oligo_NN,Ndufc2,-1,-1,1.0
Oligo_NN,Ndufb7,-1,-1,1.0
Oligo_NN,Atp6v0a2,-1,0,1.0
Oligo_NN,Fam122a,-1,-1,1.0
Oligo_NN,Diablo,-1,-1,1.0
Oligo_NN,Rpl37,-1,-1,1.0
Oligo_NN,Myrip,1,1,1.0
Oligo_NN,Sec62,-1,0,1.0
Oligo_NN,Tmco1,-1,0,1.0
Oligo_NN,Ipo13,-1,-1,1.0
Oligo_NN,Dynlrb1,-1,-1,1.0
Oligo_NN,Sema4d,-1,-1,1.0
Oligo_NN,Lgi3,-1,-1,1.0
Oligo_NN,Elovl1,-1,-1,1.0
Oligo_NN,St3gal6,1,1,1.0
Oligo_NN,Dhcr24,-1,0,1.0
Oligo_NN,Cuedc2,-1,-1,1.0
Oligo_NN,Ythdf2,1,0,1.0
Oligo_NN,Bcl9,1,0,1.0
Oligo_NN,Puf60,-1,-1,1.0
Oligo_NN,Trappc5,-1,-1,1.0
Oligo_NN,Ralgps1,-1,0,1.0
Oligo_NN,Zfp804b,1,-1,1.0
Oligo_NN,Kdm6a,1,1,1.0
Oligo_NN,Cadm4,-1,0,1.0
Oligo_NN,Hist1h2bc,-1,-1,1.0
Oligo_NN,Sntb2,1,1,1.0
Oligo_NN,Rpl23,-1,-1,1.0
Oligo_NN,Cpeb1,1,1,1.0
Oligo_NN,2310015A10Rik,1,-1,1.0
Oligo_NN,Enpp4,-1,-1,1.0
Oligo_NN,Sc5d,-1,-1,1.0
Oligo_NN,Hsbp1,-1,-1,1.0
Oligo_NN,Atraid,-1,-1,1.0
Oligo_NN,Usp31,1,1,1.0
Oligo_NN,Tmem196,1,1,1.0
Oligo_NN,Farp1,1,1,1.0
Oligo_NN,Bud13,0,-1,1.0
Oligo_NN,Ipo8,0,0,1.0
Oligo_NN,Slc9a6,0,0,1.0
Oligo_NN,Bin1,0,0,1.0
Oligo_NN,Amdhd2,0,-1,1.0
Oligo_NN,R3hcc1l,0,1,1.0
Oligo_NN,Swi5,0,-1,1.0
Oligo_NN,Magi1,0,1,1.0
Oligo_NN,Nadk2,0,0,1.0
Oligo_NN,Csnk1e,0,-1,1.0
Oligo_NN,Rapgef6,0,0,1.0
Oligo_NN,Mtx3,0,-1,1.0
Oligo_NN,Kremen1,0,1,1.0
Oligo_NN,Actn4,0,-1,1.0
Oligo_NN,Polr3a,0,0,1.0
Oligo_NN,Mtmr9,0,0,1.0
Oligo_NN,Dab2ip,0,1,1.0
Oligo_NN,Dnaja3,0,0,1.0
Oligo_NN,Src,0,1,1.0
Oligo_NN,Ssrp1,0,-1,1.0
Oligo_NN,Mllt6,0,-1,1.0
Oligo_NN,Tor1a,0,-1,1.0
Oligo_NN,Aatk,0,-1,1.0
Oligo_NN,Pkd2,0,0,1.0
Oligo_NN,Fbxw2,0,0,1.0
Oligo_NN,Klhl20,0,0,1.0
Oligo_NN,Cr1l,0,0,1.0
Oligo_NN,Pcbd2,0,0,1.0
Oligo_NN,Rad51d,0,-1,1.0
Oligo_NN,Arl1,0,-1,1.0
Oligo_NN,Copg1,0,0,1.0
Oligo_NN,Pgam5,0,-1,1.0
Oligo_NN,Rrm1,0,0,1.0
Oligo_NN,Gtf3c5,0,-1,1.0
Oligo_NN,Ralgapa1,0,0,1.0
Oligo_NN,Gramd3,0,-1,1.0
Oligo_NN,Laptm4b,0,0,1.0
Oligo_NN,Gpr137c,0,0,1.0
Oligo_NN,Pja2,0,0,1.0
Oligo_NN,Stmn2,0,1,1.0
Oligo_NN,Mapre1,0,0,1.0
Oligo_NN,Gnb4,0,0,1.0
Oligo_NN,Phip,0,0,1.0
Oligo_NN,Scaf4,0,0,1.0
Oligo_NN,Csnk1g1,0,1,1.0
Oligo_NN,Alas1,0,-1,1.0
Oligo_NN,Pef1,0,0,1.0
Oligo_NN,Pycr2,0,-1,1.0
Oligo_NN,Ndufb4,0,-1,1.0
Oligo_NN,Ppp5c,0,-1,1.0
Oligo_NN,Sypl,0,0,1.0
Oligo_NN,Brsk2,0,0,1.0
Oligo_NN,Vrk2,0,0,1.0
Oligo_NN,Mtmr1,0,-1,1.0
Oligo_NN,Dach2,0,0,1.0
Oligo_NN,Rhou,0,-1,1.0
Oligo_NN,Ccar1,0,0,1.0
Oligo_NN,Mrpl18,0,-1,1.0
Oligo_NN,Rnf5,0,-1,1.0
Oligo_NN,Coro7,0,-1,1.0
Oligo_NN,6430548M08Rik,0,1,1.0
Oligo_NN,Ift81,0,1,1.0
Oligo_NN,Nr2c1,0,0,1.0
Oligo_NN,Rpia,0,-1,1.0
Oligo_NN,Kras,0,0,1.0
Oligo_NN,Aplf,0,1,1.0
Oligo_NN,Cntrl,0,0,1.0
Oligo_NN,Zcchc7,0,1,1.0
Oligo_NN,Phc3,0,1,1.0
Oligo_NN,Sec23a,0,0,1.0
Oligo_NN,Got1,0,0,1.0
Oligo_NN,Romo1,0,-1,1.0
Oligo_NN,Pcdh15,0,1,1.0
Oligo_NN,Cradd,0,1,1.0
Oligo_NN,Tvp23b,0,1,1.0
Oligo_NN,Rab43,0,0,1.0
Oligo_NN,Ptprt,0,1,1.0
Oligo_NN,Cs,0,0,1.0
Oligo_NN,Col9a3,0,-1,1.0
Oligo_NN,Fbxl19,0,-1,1.0
Oligo_NN,Meis1,0,-1,1.0
Oligo_NN,Elmo2,0,0,1.0
Oligo_NN,Ncam2,0,1,1.0
Oligo_NN,Usp2,0,-1,1.0
Oligo_NN,Tpr,0,-1,1.0
Oligo_NN,Fut10,0,1,1.0
Oligo_NN,Avl9,0,0,1.0
Oligo_NN,Irak2,0,1,1.0
Oligo_NN,Nudt13,0,1,1.0
Oligo_NN,Fam173a,0,-1,1.0
Oligo_NN,Rad52,0,0,1.0
Oligo_NN,Thsd7a,0,0,1.0
Oligo_NN,2510039O18Rik,0,-1,1.0
Oligo_NN,Tmem192,0,0,1.0
Oligo_NN,Zfp386,0,0,1.0
Oligo_NN,Eif5,0,-1,1.0
Oligo_NN,Abtb1,0,-1,1.0
Oligo_NN,Ank3,0,1,1.0
Oligo_NN,Hjurp,0,0,1.0
Oligo_NN,Iars,0,0,1.0
Oligo_NN,Zdhhc6,0,-1,1.0
Oligo_NN,Rel,0,0,1.0
Oligo_NN,Cbx7,0,1,1.0
Oligo_NN,Numb,0,1,1.0
Oligo_NN,Stx2,0,-1,1.0
Oligo_NN,Alcam,0,1,1.0
Oligo_NN,Klhl9,0,-1,1.0
Oligo_NN,Fbl,0,-1,1.0
Oligo_NN,Tmem70,0,-1,1.0
Oligo_NN,Stat1,0,0,1.0
Oligo_NN,Nrxn3,0,0,1.0
Oligo_NN,Qsox2,0,0,1.0
Oligo_NN,Msantd4,0,-1,1.0
Oligo_NN,Rundc1,0,-1,1.0
Oligo_NN,Nap1l3,0,-1,1.0
Oligo_NN,Wtap,0,0,1.0
Oligo_NN,Vps13d,0,1,1.0
Oligo_NN,Ahsa2,0,-1,1.0
Oligo_NN,Tmx2,0,-1,1.0
Oligo_NN,Zw10,0,0,1.0
Oligo_NN,Elmsan1,0,-1,1.0
Oligo_NN,Gm16066,0,0,1.0
Oligo_NN,Slc17a5,0,0,1.0
Oligo_NN,Aspscr1,0,0,1.0
Oligo_NN,Dus4l,0,-1,1.0
Oligo_NN,E130102H24Rik,0,-1,1.0
Oligo_NN,Mepce,0,-1,1.0
Oligo_NN,Arid1a,0,0,1.0
Oligo_NN,Gtf2f1,0,-1,1.0
Oligo_NN,Josd1,0,-1,1.0
Oligo_NN,Ttll7,0,0,1.0
Oligo_NN,Parn,0,0,1.0
Oligo_NN,Irs2,0,0,1.0
Oligo_NN,Tcf7l2,0,0,1.0
Oligo_NN,Ift43,0,0,1.0
Oligo_NN,Dnaja2,0,0,1.0
Oligo_NN,Aga,0,-1,1.0
Oligo_NN,Slc30a7,0,0,1.0
Oligo_NN,Elp3,0,0,1.0
Oligo_NN,Sec61b,0,-1,1.0
Oligo_NN,Zscan21,0,0,1.0
Oligo_NN,Golph3l,0,-1,1.0
Oligo_NN,Fam133b,0,-1,1.0
Oligo_NN,Apba2,0,0,1.0
Oligo_NN,Slirp,0,-1,1.0
Oligo_NN,Rusc2,0,0,1.0
Oligo_NN,Ppp6c,0,0,1.0
Oligo_NN,Rab14,0,0,1.0
Oligo_NN,Tango6,1,1,1.0
Oligo_NN,Klf9,-1,-1,1.0
Oligo_NN,Mrpl51,-1,-1,1.0
Oligo_NN,Sdf4,-1,0,1.0
Oligo_NN,Ubl5,-1,-1,1.0
Oligo_NN,Rpl21,-1,-1,1.0
Oligo_NN,Dusp15,1,-1,1.0
Oligo_NN,Cox6b1,-1,-1,1.0
Oligo_NN,Sys1,-1,0,1.0
Oligo_NN,Pcdh7,-1,-1,1.0
Oligo_NN,Gmeb2,1,0,1.0
Oligo_NN,Sra1,-1,-1,1.0
Oligo_NN,Kpnb1,-1,0,1.0
Oligo_NN,Clta,-1,0,1.0
Oligo_NN,Serpinb1a,-1,-1,1.0
Oligo_NN,Wscd2,1,1,1.0
Oligo_NN,Mdh2,-1,-1,1.0
Oligo_NN,Gm5087,-1,-1,1.0
Oligo_NN,Tmpo,1,0,1.0
Oligo_NN,Osbpl7,1,-1,1.0
Oligo_NN,Pmp22,-1,1,1.0
Oligo_NN,Tmem229a,-1,-1,1.0
Oligo_NN,Prpf4b,-1,0,1.0
Oligo_NN,Srsf2,-1,-1,1.0
Oligo_NN,Begain,1,1,1.0
Oligo_NN,Fndc3b,1,1,1.0
Oligo_NN,Tomm20,-1,-1,1.0
Oligo_NN,Bola2,-1,-1,1.0
Oligo_NN,Tma7,-1,-1,1.0
Oligo_NN,Arhgef37,1,1,1.0
Oligo_NN,Calm3,-1,-1,1.0
Oligo_NN,Fam13a,1,1,1.0
Oligo_NN,Hivep1,1,1,1.0
Oligo_NN,Kcnj10,-1,-1,1.0
Oligo_NN,Tprgl,-1,-1,1.0
Oligo_NN,Mrpl41,-1,-1,1.0
Oligo_NN,Zbtb20,1,1,1.0
Oligo_NN,Hcn2,-1,-1,1.0
Oligo_NN,Thada,1,1,1.0
Oligo_NN,Deptor,1,1,1.0
Oligo_NN,Syf2,-1,-1,1.0
Oligo_NN,Rer1,-1,-1,1.0
Oligo_NN,Gm10701,1,1,1.0
Oligo_NN,Nos1ap,1,1,1.0
Oligo_NN,Wsb1,1,1,1.0
Oligo_NN,Dctn1,-1,-1,1.0
Oligo_NN,Lrrn3,1,1,1.0
Oligo_NN,Tcaim,1,0,1.0
Oligo_NN,Spcs1,-1,-1,1.0
Oligo_NN,Rps6kb2,-1,-1,1.0
Oligo_NN,Nfkbia,-1,-1,1.0
Oligo_NN,Mink1,-1,-1,1.0
Oligo_NN,Ephb2,1,1,1.0
Oligo_NN,Rras2,-1,-1,1.0
Oligo_NN,Prcp,1,1,1.0
Oligo_NN,Ndufb6,-1,-1,1.0
Oligo_NN,Sar1a,-1,0,1.0
Oligo_NN,Timm8b,-1,-1,1.0
Oligo_NN,Fem1c,1,0,1.0
Oligo_NN,Leprot,-1,-1,1.0
Oligo_NN,Fam13c,-1,0,1.0
Oligo_NN,Dbndd2,-1,-1,1.0
Oligo_NN,Cdc27,1,1,1.0
Oligo_NN,Ptov1,-1,-1,1.0
Oligo_NN,Tsix,1,1,1.0
Oligo_NN,Jun,-1,-1,1.0
Oligo_NN,Ndufa13,-1,-1,1.0
Oligo_NN,Nenf,-1,-1,1.0
Oligo_NN,Trmt1l,1,0,1.0
Oligo_NN,Tspan3,-1,-1,1.0
Oligo_NN,Manf,-1,0,1.0
Oligo_NN,Txndc17,-1,-1,1.0
Oligo_NN,Abca6,1,1,1.0
Oligo_NN,Dlc1,-1,0,1.0
Oligo_NN,Myl12a,-1,-1,1.0
Oligo_NN,Rpl27,-1,-1,1.0
Oligo_NN,Zfp329,-1,-1,1.0
Oligo_NN,Cc2d2a,1,0,1.0
Oligo_NN,Os9,-1,0,1.0
Oligo_NN,Skap2,1,1,1.0
Oligo_NN,Sgk1,-1,1,1.0
Oligo_NN,Enpp5,-1,-1,1.0
Oligo_NN,Cdc16,1,0,1.0
Oligo_NN,Rpl31,-1,-1,1.0
Oligo_NN,Trmt112,-1,-1,1.0
Oligo_NN,Pigyl,-1,-1,1.0
Oligo_NN,Rpl5,-1,-1,1.0
Oligo_NN,Psmb7,-1,0,1.0
Oligo_NN,Slc16a7,1,0,1.0
Oligo_NN,Cycs,-1,-1,1.0
Oligo_NN,Cdipt,-1,-1,1.0
Oligo_NN,Atxn7l3b,-1,-1,1.0
Oligo_NN,Serinc5,-1,-1,1.0
Oligo_NN,Pbx3,1,1,1.0
Oligo_NN,Klhl1,1,-1,1.0
Oligo_NN,Hsp90aa1,-1,-1,1.0
Oligo_NN,Med28,-1,-1,1.0
Oligo_NN,Ctdspl2,1,0,1.0
Oligo_NN,Ptma,-1,-1,1.0
Oligo_NN,Gm10754,1,-1,1.0
Oligo_NN,Gm11149,-1,0,1.0
Oligo_NN,Spns1,-1,-1,1.0
Oligo_NN,Itm2c,-1,-1,1.0
Oligo_NN,Slc35b2,-1,-1,1.0
Oligo_NN,Asph,1,1,1.0
Oligo_NN,Kndc1,-1,-1,1.0
Oligo_NN,Amd1,1,-1,1.0
Oligo_NN,Ctsb,-1,-1,1.0
Oligo_NN,Coa3,-1,-1,1.0
Oligo_NN,Nfxl1,1,0,1.0
Oligo_NN,Rps16,-1,-1,1.0
Oligo_NN,Grik4,1,1,1.0
Oligo_NN,Mrps24,-1,-1,1.0
Oligo_NN,H2afz,-1,-1,1.0
Oligo_NN,Tmod1,-1,0,1.0
Oligo_NN,Sema3c,1,0,1.0
Oligo_NN,Dbi,-1,-1,1.0
Oligo_NN,Gas2,1,1,1.0
Oligo_NN,Aim2,1,1,1.0
Oligo_NN,3222401L13Rik,1,-1,1.0
Oligo_NN,Dtd1,1,1,1.0
Oligo_NN,Pla2g3,-1,-1,1.0
Oligo_NN,Pgm1,1,1,1.0
Oligo_NN,Atm,1,1,1.0
Oligo_NN,Kctd16,1,1,1.0
Oligo_NN,Galnt7,1,1,1.0
Oligo_NN,Col27a1,-1,-1,1.0
Oligo_NN,Col4a3bp,1,0,1.0
Oligo_NN,Gabarapl2,-1,-1,1.0
Oligo_NN,Cox7c,-1,-1,1.0
Oligo_NN,Mlf2,-1,-1,1.0
Oligo_NN,Rpl35,-1,-1,1.0
Oligo_NN,Uqcr10,-1,-1,1.0
Oligo_NN,Bsg,-1,-1,1.0
Oligo_NN,Dock5,1,1,1.0
Oligo_NN,Uqcrq,-1,-1,1.0
Oligo_NN,Arhgap12,1,1,1.0
Oligo_NN,Dcaf10,1,0,1.0
Oligo_NN,Naa15,1,1,1.0
Oligo_NN,Lama2,1,1,1.0
Oligo_NN,Chmp2a,-1,-1,1.0
Oligo_NN,Asap1,1,1,1.0
Oligo_NN,Ndufb9,-1,-1,1.0
Oligo_NN,Asap2,1,1,1.0
Oligo_NN,Bcar1,-1,-1,1.0
Oligo_NN,Gpcpd1,1,0,1.0
Oligo_NN,Uqcrfs1,-1,-1,1.0
Oligo_NN,Tjap1,-1,-1,1.0
Oligo_NN,Pola1,1,-1,1.0
Oligo_NN,Zfp110,1,-1,1.0
Oligo_NN,Rps23,-1,-1,1.0
Oligo_NN,Per1,-1,-1,1.0
Oligo_NN,Htr2c,1,-1,1.0
Oligo_NN,Glmp,-1,-1,1.0
Oligo_NN,Eid1,-1,-1,1.0
Oligo_NN,Atp8b1,1,0,1.0
Oligo_NN,Ccnh,1,0,1.0
Oligo_NN,Gmds,1,1,1.0
Oligo_NN,Far1os,-1,0,1.0
Oligo_NN,Lamtor2,-1,-1,1.0
Oligo_NN,Klk6,-1,-1,1.0
Oligo_NN,Ilvbl,-1,-1,1.0
Oligo_NN,Pir,1,1,1.0
Oligo_NN,Sh3bgrl3,-1,-1,1.0
Oligo_NN,Wdr36,1,0,1.0
Oligo_NN,Tmem160,-1,-1,1.0
Oligo_NN,Atp6v0e,-1,-1,1.0
Oligo_NN,Fam13b,1,1,1.0
Oligo_NN,Hcfc1r1,-1,-1,1.0
Oligo_NN,1500015L24Rik,1,-1,1.0
Oligo_NN,Kcnab1,1,1,1.0
Oligo_NN,Kank1,-1,-1,1.0
Oligo_NN,Bmyc,-1,-1,1.0
Oligo_NN,Immp2l,1,1,1.0
Oligo_NN,Uba1,-1,-1,1.0
Oligo_NN,Antxr1,1,1,1.0
Oligo_NN,Tecr,-1,0,1.0
Oligo_NN,St8sia4,1,1,1.0
Oligo_NN,Emc10,-1,-1,1.0
Oligo_NN,Tcp1,-1,-1,1.0
Oligo_NN,Cox14,-1,-1,1.0
Oligo_NN,Prdx2,-1,-1,1.0
Oligo_NN,Gpatch2l,1,0,1.0
Oligo_NN,Gab2,1,1,1.0
Oligo_NN,Plag1,1,0,1.0
Oligo_NN,A530053G22Rik,1,1,1.0
Oligo_NN,Art3,1,1,1.0
Oligo_NN,Atp5b,-1,-1,1.0
Oligo_NN,Taf10,-1,-1,1.0
Oligo_NN,Aacs,-1,0,1.0
Oligo_NN,Arsb,1,1,1.0
Oligo_NN,Bax,-1,-1,1.0
Oligo_NN,Ust,-1,-1,1.0
Oligo_NN,Tmed4,-1,-1,1.0
Oligo_NN,Klf3,1,0,1.0
Oligo_NN,Cct5,-1,-1,1.0
Oligo_NN,Psd2,1,1,1.0
Oligo_NN,Map7d1,-1,-1,1.0
Oligo_NN,Rbx1,-1,-1,1.0
Oligo_NN,Taldo1,-1,-1,1.0
Oligo_NN,Lclat1,1,1,1.0
Oligo_NN,Acat1,1,0,1.0
Oligo_NN,Runx1t1,1,0,1.0
Oligo_NN,Hras,-1,-1,1.0
Oligo_NN,B4galt6,1,1,1.0
Oligo_NN,Qpct,-1,0,1.0
Oligo_NN,Gm12905,1,-1,1.0
Oligo_NN,Sema6d,1,1,1.0
Oligo_NN,Tmed2,-1,-1,1.0
Oligo_NN,Pde1c,1,1,1.0
Oligo_NN,Grhpr,-1,-1,1.0
Oligo_NN,Tmem209,1,1,1.0
Oligo_NN,Ago4,1,1,1.0
Oligo_NN,Mdh1,-1,-1,1.0
Oligo_NN,Tmem163,-1,-1,1.0
Oligo_NN,Slc50a1,-1,-1,1.0
Oligo_NN,Clptm1,-1,0,1.0
Oligo_NN,Faah,-1,-1,1.0
Oligo_NN,Grm8,1,1,1.0
Oligo_NN,Plekhh2,1,1,1.0
Oligo_NN,Aldh1l1,1,1,1.0
Oligo_NN,Rasgrp3,1,1,1.0
Oligo_NN,Prkca,1,1,1.0
Oligo_NN,Grin1,1,0,1.0
Oligo_NN,Inpp4b,1,1,1.0
Oligo_NN,Lpp,1,1,1.0
Oligo_NN,Lrrc4c,1,1,1.0
Oligo_NN,Tti1,1,0,1.0
Oligo_NN,Tsc22d1,-1,-1,1.0
Oligo_NN,Pebp1,-1,-1,1.0
Oligo_NN,Akap7,1,1,1.0
Oligo_NN,Nrxn2,-1,0,1.0
Oligo_NN,Mog,-1,-1,1.0
Oligo_NN,Timm50,-1,-1,1.0
Oligo_NN,Cntfr,-1,-1,1.0
Oligo_NN,Tubb4a,-1,-1,1.0
Oligo_NN,Tox,1,0,1.0
Oligo_NN,Tm2d2,-1,-1,1.0
Oligo_NN,Anapc11,-1,-1,1.0
Oligo_NN,Desi1,-1,-1,1.0
Oligo_NN,Rpl41,-1,-1,1.0
Oligo_NN,Csnk2b,-1,-1,1.0
Oligo_NN,Rps12,-1,-1,1.0
Oligo_NN,Arf1,-1,-1,1.0
Oligo_NN,Pfn1,-1,-1,1.0
Oligo_NN,E2f3,-1,-1,1.0
Oligo_NN,Bcat1,-1,-1,1.0
Oligo_NN,Adamts2,-1,1,1.0
Oligo_NN,Rtn4,1,1,1.0
Oligo_NN,Alg6,1,1,1.0
Oligo_NN,Tmem106b,-1,0,1.0
Oligo_NN,Pxylp1,1,1,1.0
Oligo_NN,Ndufa6,-1,-1,1.0
Oligo_NN,Mpzl1,1,0,1.0
Oligo_NN,Tubb4b,-1,-1,1.0
Oligo_NN,1110065P20Rik,-1,-1,1.0
Oligo_NN,Ebp,-1,-1,1.0
Oligo_NN,Cpped1,1,1,1.0
Oligo_NN,Glt1d1,1,1,1.0
Oligo_NN,Fbxl12,1,0,1.0
Oligo_NN,Ctnna2,1,1,1.0
Oligo_NN,Ccdc47,-1,0,1.0
Oligo_NN,Prox1os,1,-1,1.0
Oligo_NN,Maob,1,-1,1.0
Oligo_NN,Ppp1r21,1,0,1.0
Oligo_NN,Zdhhc13,1,1,1.0
Oligo_NN,Mrpl53,-1,-1,1.0
Oligo_NN,Cyp51,-1,0,1.0
Oligo_NN,Arpc1a,-1,-1,1.0
Oligo_NN,Chpt1,1,0,1.0
Oligo_NN,Acvr2a,1,1,1.0
Oligo_NN,Clmn,-1,0,1.0
Oligo_NN,Tmed7,-1,1,1.0
Oligo_NN,Stat5b,1,0,1.0
Oligo_NN,Acer2,1,1,1.0
Oligo_NN,Ndufa11,-1,-1,1.0
Oligo_NN,Zfyve1,-1,0,1.0
Oligo_NN,Adssl1,-1,-1,1.0
Oligo_NN,Tm2d3,-1,-1,1.0
Oligo_NN,Rbms1,1,1,1.0
Oligo_NN,Arpc3,-1,-1,1.0
Oligo_NN,Gpld1,1,1,1.0
Oligo_NN,Atp1a1,-1,0,1.0
Oligo_NN,Ehhadh,1,0,1.0
Oligo_NN,Cmtm5,-1,-1,1.0
Oligo_NN,Mad1l1,-1,0,1.0
Oligo_NN,Omg,-1,-1,1.0
Oligo_NN,Cers4,1,1,1.0
Oligo_NN,Reep3,-1,-1,1.0
Oligo_NN,Lemd3,1,0,1.0
Oligo_NN,Ttc28,1,1,1.0
Oligo_NN,Cep112,1,1,1.0
Oligo_NN,Npc1,-1,0,1.0
Oligo_NN,Rpl26,-1,-1,1.0
Oligo_NN,Ppm1l,1,1,1.0
Oligo_NN,Smdt1,-1,-1,1.0
Oligo_NN,Tpgs1,-1,-1,1.0
Oligo_NN,Adarb2,1,1,1.0
Oligo_NN,Eif5a,-1,-1,1.0
Oligo_NN,Rps3,-1,-1,1.0
Oligo_NN,Cox7b,-1,-1,1.0
Oligo_NN,Ceacam2,1,1,1.0
Oligo_NN,Dad1,-1,-1,1.0
Oligo_NN,Mast3,-1,-1,1.0
Oligo_NN,Dync1i1,1,1,1.0
Oligo_NN,Gpd2,1,1,1.0
Oligo_NN,Gltp,-1,-1,1.0
Oligo_NN,Pfdn2,-1,-1,1.0
Oligo_NN,Rpl13,-1,-1,1.0
Oligo_NN,1700047M11Rik,-1,0,1.0
Oligo_NN,Pcsk6,1,1,1.0
Oligo_NN,Ntng1,1,1,1.0
Oligo_NN,Ctsl,-1,-1,1.0
Oligo_NN,Mfn1,0,0,1.0
Oligo_NN,Api5,0,0,1.0
Oligo_NN,Napg,0,0,1.0
Oligo_NN,Sgms2,0,0,1.0
Oligo_NN,Wdr5,0,0,1.0
Oligo_NN,Dnttip2,0,-1,1.0
Oligo_NN,Fam49b,0,0,1.0
Oligo_NN,Pyroxd1,0,0,1.0
Oligo_NN,Man2a1,0,1,1.0
Oligo_NN,Kctd3,0,0,1.0
Oligo_NN,Zfp536,0,1,1.0
Oligo_NN,Appl1,0,0,1.0
Oligo_NN,Zfp36l2,0,-1,1.0
Oligo_NN,Chmp2b,0,0,1.0
Oligo_NN,Arsa,0,-1,1.0
Oligo_NN,Gm13483,0,1,1.0
Oligo_NN,Letmd1,0,-1,1.0
Oligo_NN,Timm21,0,-1,1.0
Oligo_NN,Il18,0,-1,1.0
Oligo_NN,Thoc2,0,-1,1.0
Oligo_NN,Glce,0,1,1.0
Oligo_NN,Cntn2,0,-1,1.0
Oligo_NN,Abhd6,0,0,1.0
Oligo_NN,Flot2,0,1,1.0
Oligo_NN,Ranbp3,0,-1,1.0
Oligo_NN,Bora,0,0,1.0
Oligo_NN,Scyl1,0,-1,1.0
Oligo_NN,Tmem117,0,1,1.0
Oligo_NN,Gm12353,0,-1,1.0
Oligo_NN,Usp4,0,0,1.0
Oligo_NN,Rbm3,0,-1,1.0
Oligo_NN,Ercc6,0,-1,1.0
Oligo_NN,Btrc,0,1,1.0
Oligo_NN,Zeb1,0,1,1.0
Oligo_NN,Rprd1b,0,1,1.0
Oligo_NN,Ctc1,0,-1,1.0
Oligo_NN,Spire1,0,0,1.0
Oligo_NN,Mnat1,0,1,1.0
Oligo_NN,Tollip,0,0,1.0
Oligo_NN,Nek7,0,0,1.0
Oligo_NN,Gm11437,0,-1,1.0
Oligo_NN,Rabggtb,0,-1,1.0
Oligo_NN,Lrrtm2,0,-1,1.0
Oligo_NN,Rfxap,0,-1,1.0
Oligo_NN,R3hdm4,0,-1,1.0
Oligo_NN,Exoc2,0,1,1.0
Oligo_NN,Fkbp15,0,-1,1.0
Oligo_NN,Agpat5,0,0,1.0
Oligo_NN,Sgcz,0,0,1.0
Oligo_NN,Ncald,0,1,1.0
Oligo_NN,Bet1,0,-1,1.0
Oligo_NN,Slc35a5,0,0,1.0
Oligo_NN,Zfp942,0,0,1.0
Oligo_NN,Frmd5,0,1,1.0
Oligo_NN,Chd1,0,1,1.0
Oligo_NN,Slco3a1,0,1,1.0
Oligo_NN,March5,0,-1,1.0
Oligo_NN,Fibp,0,-1,1.0
Oligo_NN,G3bp2,0,0,1.0
Oligo_NN,Nsun2,0,0,1.0
Oligo_NN,Gbe1,0,1,1.0
Oligo_NN,Mllt10,0,0,1.0
Oligo_NN,Mib1,0,1,1.0
Oligo_NN,Prkag1,0,0,1.0
Oligo_NN,Ralbp1,0,0,1.0
Oligo_NN,Arfrp1,0,-1,1.0
Oligo_NN,Mroh1,0,0,1.0
Oligo_NN,Snrpc,0,0,1.0
Oligo_NN,Tmem216,0,0,1.0
Oligo_NN,Gfpt1,0,0,1.0
Oligo_NN,Zfp740,0,-1,1.0
Oligo_NN,Dnajc30,0,-1,1.0
Oligo_NN,Zfp146,0,-1,1.0
Oligo_NN,Smn1,0,0,1.0
Oligo_NN,Znrf2,0,0,1.0
Oligo_NN,Elavl1,0,0,1.0
Oligo_NN,Cdc123,0,0,1.0
Oligo_NN,Dync2h1,0,1,1.0
Oligo_NN,Ubl3,0,-1,1.0
Oligo_NN,Scyl3,0,0,1.0
Oligo_NN,Errfi1,0,-1,1.0
Oligo_NN,Xrcc4,0,1,1.0
Oligo_NN,Ikzf2,0,0,1.0
Oligo_NN,Zfp273,0,0,1.0
Oligo_NN,Znrf3,0,0,1.0
Oligo_NN,Sort1,0,1,1.0
Oligo_NN,1700066M21Rik,0,-1,1.0
Oligo_NN,Ap4e1,0,-1,1.0
Oligo_NN,Dennd1a,0,1,1.0
Oligo_NN,Nbn,0,0,1.0
Oligo_NN,Rbm28,0,0,1.0
Oligo_NN,Spop,0,-1,1.0
Oligo_NN,Ppp2r1a,0,0,1.0
Oligo_NN,Gsk3a,0,-1,1.0
Oligo_NN,Nde1,0,0,1.0
Oligo_NN,Ilf3,0,0,1.0
Oligo_NN,Msantd2,0,0,1.0
Oligo_NN,R3hdm1,0,0,1.0
Oligo_NN,Nabp2,0,-1,1.0
Oligo_NN,Rbm25,0,0,1.0
Oligo_NN,Pcnx,0,1,1.0
Oligo_NN,Vcl,0,0,1.0
Oligo_NN,Man2b1,0,0,1.0
Oligo_NN,Jade1,0,0,1.0
Oligo_NN,B130055M24Rik,0,-1,1.0
Oligo_NN,Dnajc3,0,1,1.0
Oligo_NN,Acot6,0,-1,1.0
Oligo_NN,Polk,0,1,1.0
Oligo_NN,Zfp90,0,0,1.0
Oligo_NN,Cnpy3,0,-1,1.0
Oligo_NN,Gabpb1,0,0,1.0
Oligo_NN,Rab30,0,0,1.0
Oligo_NN,Sfxn2,0,0,1.0
Oligo_NN,Arntl,0,0,1.0
Oligo_NN,Wrn,0,1,1.0
Oligo_NN,Mrpl16,0,-1,1.0
Oligo_NN,Psen2,0,0,1.0
Oligo_NN,Fam98b,0,0,1.0
Oligo_NN,Sike1,0,-1,1.0
Oligo_NN,Ptpn9,0,1,1.0
Oligo_NN,Hk1,0,1,1.0
Oligo_NN,Myh9,0,0,1.0
Oligo_NN,Agps,0,0,1.0
Oligo_NN,Mcmbp,0,0,1.0
Oligo_NN,Ap3s2,0,0,1.0
Oligo_NN,Impa1,0,0,1.0
Oligo_NN,Abca7,0,-1,1.0
Oligo_NN,Gramd1a,0,0,1.0
Oligo_NN,Sfxn5,0,1,1.0
Oligo_NN,Gm28403,0,1,1.0
Oligo_NN,Ndufs1,0,0,1.0
Oligo_NN,Heca,0,0,1.0
Oligo_NN,Elavl2,0,-1,1.0
Oligo_NN,Fam193b,0,0,1.0
Oligo_NN,Ash1l,0,0,1.0
Oligo_NN,Akt3,0,1,1.0
Oligo_NN,Hars,0,-1,1.0
Oligo_NN,Fem1b,0,0,1.0
Oligo_NN,Ube2z,0,-1,1.0
Oligo_NN,Slc24a3,0,0,1.0
Oligo_NN,Cers2,-1,-1,1.0
Oligo_NN,Dvl1,-1,-1,1.0
Oligo_NN,Ddrgk1,-1,-1,1.0
Oligo_NN,Tkt,-1,0,1.0
Oligo_NN,2210408F21Rik,1,1,1.0
Oligo_NN,Ap2m1,-1,-1,1.0
Oligo_NN,Sh3bp2,-1,0,1.0
Oligo_NN,Smurf2,1,0,1.0
Oligo_NN,1700025G04Rik,1,1,1.0
Oligo_NN,Pdgfa,-1,1,1.0
Oligo_NN,Atg10,1,1,1.0
Oligo_NN,Grn,-1,-1,1.0
Oligo_NN,Cisd1,-1,-1,1.0
Oligo_NN,Sorl1,-1,1,1.0
Oligo_NN,Samm50,-1,0,1.0
Oligo_NN,Ckb,-1,-1,1.0
Oligo_NN,Rad18,1,1,1.0
Oligo_NN,Sh3gl3,-1,-1,1.0
Oligo_NN,Arl2,-1,-1,1.0
Oligo_NN,Tma16,-1,-1,1.0
Oligo_NN,B230216N24Rik,1,1,1.0
Oligo_NN,Tln2,1,1,1.0
Oligo_NN,Pcyt2,-1,-1,1.0
Oligo_NN,Agpat3,-1,0,1.0
Oligo_NN,Nup205,1,1,1.0
Oligo_NN,Tusc3,-1,-1,1.0
Oligo_NN,Vbp1,-1,-1,1.0
Oligo_NN,Prdx1,-1,-1,1.0
Oligo_NN,Sv2a,-1,-1,1.0
Oligo_NN,Carhsp1,-1,-1,1.0
Oligo_NN,Ywhag,-1,0,1.0
Oligo_NN,Uqcr11,-1,-1,1.0
Oligo_NN,Plcb4,1,1,1.0
Oligo_NN,Psma7,-1,-1,1.0
Oligo_NN,Sparcl1,-1,0,1.0
Oligo_NN,Cdr2l,-1,-1,1.0
Oligo_NN,Grm3,1,1,1.0
Oligo_NN,Mapk3,-1,-1,1.0
Oligo_NN,Eif3g,-1,-1,1.0
Oligo_NN,Eif3i,-1,-1,1.0
Oligo_NN,Polr3e,-1,-1,1.0
Oligo_NN,Tmem208,-1,-1,1.0
Oligo_NN,Arrdc2,-1,-1,1.0
Oligo_NN,Chchd2,-1,-1,1.0
Oligo_NN,Mlxip,1,0,1.0
Oligo_NN,Agk,1,1,1.0
Oligo_NN,Rsrc1,1,1,1.0
Oligo_NN,Shroom3,1,0,1.0
Oligo_NN,Cnp,-1,-1,1.0
Oligo_NN,Prr16,1,0,1.0
Oligo_NN,Abhd17a,-1,-1,1.0
Oligo_NN,Gli2,1,1,1.0
Oligo_NN,Trim13,-1,-1,1.0
Oligo_NN,Oaz1,-1,-1,1.0
Oligo_NN,Tmbim6,-1,-1,1.0
Oligo_NN,Usp13,-1,0,1.0
Oligo_NN,Ift80,1,0,1.0
Oligo_NN,Gclm,-1,0,1.0
Oligo_NN,Rpl12,-1,-1,1.0
Oligo_NN,Mag,-1,-1,1.0
Oligo_NN,Ppp1r14a,-1,-1,1.0
Oligo_NN,Rps20,-1,-1,1.0
Oligo_NN,Uvssa,1,0,1.0
Oligo_NN,Sox2,1,-1,1.0
Oligo_NN,Ndufs5,-1,-1,1.0
Oligo_NN,Fam189a1,1,-1,1.0
Oligo_NN,Cnksr3,-1,-1,1.0
Oligo_NN,Rps29,-1,-1,1.0
Oligo_NN,Chic2,1,0,1.0
Oligo_NN,Basp1,-1,-1,1.0
Oligo_NN,Rps27a,-1,-1,1.0
Oligo_NN,Smpd1,-1,-1,1.0
Oligo_NN,Micu1,1,1,1.0
Oligo_NN,Sema3d,-1,-1,1.0
Oligo_NN,Adcy2,1,1,1.0
Oligo_NN,Mobp,-1,-1,1.0
Oligo_NN,Pkm,-1,-1,1.0
Oligo_NN,Itgb3bp,1,1,1.0
Oligo_NN,Cep44,-1,0,1.0
Oligo_NN,Usp50,-1,0,1.0
Oligo_NN,Tmem128,-1,-1,1.0
Oligo_NN,Gm816,1,1,1.0
Oligo_NN,Cln8,-1,-1,1.0
Oligo_NN,Arhgdia,-1,-1,1.0
Oligo_NN,Rab4b,-1,-1,1.0
Oligo_NN,Trappc8,1,1,1.0
Oligo_NN,Clint1,1,0,1.0
Oligo_NN,Kif6,1,1,1.0
Oligo_NN,Nr6a1,1,1,1.0
Oligo_NN,Nsdhl,-1,-1,1.0
Oligo_NN,Gstm5,-1,-1,1.0
Oligo_NN,Cadm2,1,1,1.0
Oligo_NN,4930445B16Rik,1,1,1.0
Oligo_NN,Usp24,1,0,1.0
Oligo_NN,Kit,-1,1,1.0
Oligo_NN,Nudc,-1,0,1.0
Oligo_NN,Mkln1,1,1,1.0
Oligo_NN,Timp2,-1,-1,1.0
Oligo_NN,Tubgcp4,1,0,1.0
Oligo_NN,Piezo2,-1,0,1.0
Oligo_NN,Hist1h1c,-1,-1,1.0
Oligo_NN,Nfkb1,1,1,1.0
Oligo_NN,Dusp7,-1,-1,1.0
Oligo_NN,Rpl36al,-1,-1,1.0
Oligo_NN,Pank1,-1,-1,1.0
Oligo_NN,1810037I17Rik,-1,-1,1.0
Oligo_NN,Pcbp1,-1,-1,1.0
Oligo_NN,B230118H07Rik,1,0,1.0
Oligo_NN,Ndufaf4,-1,-1,1.0
Oligo_NN,Wdr70,1,1,1.0
Oligo_NN,Psmb4,-1,-1,1.0
Oligo_NN,Car14,-1,-1,1.0
Oligo_NN,Mbp,-1,-1,1.0
Oligo_NN,Gm12743,1,0,1.0
Oligo_NN,Reln,1,1,1.0
Oligo_NN,Ndn,-1,-1,1.0
Oligo_NN,Rnf169,1,0,1.0
Oligo_NN,Prkar1a,-1,0,1.0
Oligo_NN,Tmem50a,-1,-1,1.0
Oligo_NN,Ywhab,-1,-1,1.0
Oligo_NN,Fbxl4,1,1,1.0
Oligo_NN,Cdyl2,-1,-1,1.0
Oligo_NN,Hspa8,-1,-1,1.0
Oligo_NN,Naca,-1,-1,1.0
Oligo_NN,Stk10,1,1,1.0
Oligo_NN,Nsmce2,1,1,1.0
Oligo_NN,Inpp5j,-1,-1,1.0
Oligo_NN,Zdhhc2,-1,-1,1.0
Oligo_NN,Jakmip2,1,1,1.0
Oligo_NN,Rpl6,-1,-1,1.0
Oligo_NN,Ezh2,-1,0,1.0
Oligo_NN,Psma2,-1,-1,1.0
Oligo_NN,Sept4,-1,-1,1.0
Oligo_NN,Rrbp1,-1,0,1.0
Oligo_NN,Phactr2,1,1,1.0
Oligo_NN,Pxdn,1,1,1.0
Oligo_NN,Fut8,1,1,1.0
Oligo_NN,Atp5o,-1,0,1.0
Oligo_NN,Tsga10,1,1,1.0
Oligo_NN,Kcna1,-1,-1,1.0
Oligo_NN,Shisa4,-1,-1,1.0
Oligo_NN,Ap2s1,-1,-1,1.0
Oligo_NN,Gm12324,1,-1,1.0
Oligo_NN,Efcc1,1,1,1.0
Oligo_NN,Ndufa3,-1,-1,1.0
Oligo_NN,Tep1,1,1,1.0
Oligo_NN,Pdss2,1,0,1.0
Oligo_NN,Tmem14c,-1,-1,1.0
Oligo_NN,Fndc3a,1,0,1.0
Oligo_NN,Cst3,-1,-1,1.0
Oligo_NN,Pcbp3,1,1,1.0
Oligo_NN,Tpi1,-1,-1,1.0
Oligo_NN,Sel1l3,1,1,1.0
Oligo_NN,Psmd6,-1,-1,1.0
Oligo_NN,Uqcc3,-1,-1,1.0
Oligo_NN,Hspa5,-1,-1,1.0
Oligo_NN,Cd46,1,1,1.0
Oligo_NN,Rps2,-1,-1,1.0
Oligo_NN,Gca,1,1,1.0
Oligo_NN,B3galt1,1,1,1.0
Oligo_NN,Lamp1,-1,0,1.0
Oligo_NN,Pag1,1,1,1.0
Oligo_NN,Ubxn1,-1,-1,1.0
Oligo_NN,Rps28,-1,-1,1.0
Oligo_NN,Prmt1,-1,-1,1.0
Oligo_NN,Rtkn,-1,-1,1.0
Oligo_NN,Cyp4f17,1,1,1.0
Oligo_NN,Josd2,-1,-1,1.0
Oligo_NN,Ptpn21,1,1,1.0
Oligo_NN,Rps14,-1,-1,1.0
Oligo_NN,Slc16a1,-1,-1,1.0
Oligo_NN,Ndufab1,-1,0,1.0
Oligo_NN,Bri3,-1,1,1.0
Oligo_NN,Mrpl43,-1,-1,1.0
Oligo_NN,AW554918,1,1,1.0
Oligo_NN,Hist1h2be,1,0,1.0
Oligo_NN,Fam214a,-1,-1,1.0
Oligo_NN,Azi2,1,0,1.0
Oligo_NN,Fchsd2,1,0,1.0
Oligo_NN,Tle1,1,0,1.0
Oligo_NN,Bcl2l1,-1,-1,1.0
Oligo_NN,Snx25,1,1,1.0
Oligo_NN,Gna11,-1,-1,1.0
Oligo_NN,Zfp462,1,1,1.0
Oligo_NN,Jph1,1,1,1.0
Oligo_NN,Aven,1,1,1.0
Oligo_NN,Fut9,1,1,1.0
Oligo_NN,Calr,-1,-1,1.0
Oligo_NN,Wdr83os,-1,-1,1.0
Oligo_NN,Drap1,-1,-1,1.0
Oligo_NN,Tpd52,-1,0,1.0
Oligo_NN,Klhl4,1,-1,1.0
Oligo_NN,Rasa2,1,0,1.0
Oligo_NN,Nova1,1,1,1.0
Oligo_NN,Pkig,-1,-1,1.0
Oligo_NN,Pter,1,1,1.0
Oligo_NN,Psmd7,-1,-1,1.0
Oligo_NN,Zfp821,1,0,1.0
Oligo_NN,Eif4g2,-1,-1,1.0
Oligo_NN,Opalin,-1,-1,1.0
Oligo_NN,Hmgn3,-1,-1,1.0
Oligo_NN,Pou3f1,1,-1,1.0
Oligo_NN,Abca8a,1,1,1.0
Oligo_NN,Glod4,-1,0,1.0
Oligo_NN,Fkbp1a,-1,0,1.0
Oligo_NN,Ftl1,-1,-1,1.0
Oligo_NN,M6pr,-1,-1,1.0
Oligo_NN,Mtr,1,0,1.0
Oligo_NN,H2afj,-1,-1,1.0
Oligo_NN,Onecut2,1,1,1.0
Oligo_NN,Rnf113a2,-1,-1,1.0
Oligo_NN,Gm15738,-1,-1,1.0
Oligo_NN,Map7d2,-1,-1,1.0
Oligo_NN,Pfdn5,-1,-1,1.0
Oligo_NN,Tyro3,-1,-1,1.0
Oligo_NN,Mdga2,1,1,1.0
Oligo_NN,Atp5j,-1,-1,1.0
Oligo_NN,Tmbim4,-1,0,1.0
Oligo_NN,Pink1,-1,0,1.0
Oligo_NN,Rpl36a,-1,-1,1.0
Oligo_NN,Supt5,-1,0,1.0
Oligo_NN,A330032B11Rik,1,0,1.0
Oligo_NN,Spef2,1,1,1.0
Oligo_NN,Nmral1,-1,-1,1.0
Oligo_NN,Fkbp5,-1,0,1.0
Oligo_NN,Ap2a1,-1,0,1.0
Oligo_NN,Igsf8,-1,-1,1.0
Oligo_NN,Krcc1,1,0,1.0
Oligo_NN,Brd9,-1,0,1.0
Oligo_NN,Dusp23,1,-1,1.0
Oligo_NN,Tomm22,-1,-1,1.0
Oligo_NN,Tanc1,1,1,1.0
Oligo_NN,1700028E10Rik,1,0,1.0
Oligo_NN,Ptprj,1,1,1.0
Oligo_NN,Nipal4,1,-1,1.0
Oligo_NN,Dnajc15,1,1,1.0
Oligo_NN,Psmd4,-1,-1,1.0
Oligo_NN,Lactb2,1,0,1.0
Oligo_NN,Lpar6,-1,-1,1.0
Oligo_NN,Cdh6,1,1,1.0
Oligo_NN,Megf9,1,1,1.0
Oligo_NN,Pllp,-1,-1,1.0
Oligo_NN,Sclt1,1,1,1.0
Oligo_NN,Actr1b,-1,0,1.0
Oligo_NN,Fstl5,1,1,1.0
Oligo_NN,Hmgcr,-1,-1,1.0
Oligo_NN,Rmst,1,-1,1.0
Oligo_NN,Vdac1,-1,0,1.0
Oligo_NN,Snrpn,-1,-1,1.0
Oligo_NN,Cpq,-1,0,1.0
Oligo_NN,D8Ertd738e,-1,-1,1.0
Oligo_NN,Klhl5,-1,-1,1.0
Oligo_NN,Sh3rf1,-1,-1,1.0
Oligo_NN,Rpl14,-1,-1,1.0
Oligo_NN,Tmem132b,1,1,1.0
Oligo_NN,Dynll1,-1,-1,1.0
Oligo_NN,Zdhhc14,1,0,1.0
Oligo_NN,Tpk1,1,1,1.0
Oligo_NN,Prdx5,-1,-1,1.0
Oligo_NN,Fabp5,-1,-1,1.0
Oligo_NN,Prkcsh,-1,-1,1.0
Oligo_NN,Grcc10,-1,-1,1.0
Oligo_NN,Psmc5,-1,-1,1.0
Oligo_NN,Ndufb2,-1,-1,1.0
Oligo_NN,Rpl30,-1,-1,1.0
Oligo_NN,Tmem9b,-1,0,1.0
Oligo_NN,Dennd1b,1,1,1.0
Oligo_NN,Myl6,-1,-1,1.0
Oligo_NN,Spcs2,-1,-1,1.0
Oligo_NN,Scand1,-1,-1,1.0
Oligo_NN,Cfl2,-1,-1,1.0
Oligo_NN,Ppfibp2,1,0,1.0
Oligo_NN,Cux2,-1,-1,1.0
Oligo_NN,Amy1,1,-1,1.0
Oligo_NN,Dalrd3,-1,-1,1.0
Oligo_NN,Pde7b,1,-1,1.0
Oligo_NN,Ddx39b,-1,-1,1.0
Oligo_NN,Masp1,-1,-1,1.0
Oligo_NN,S100a16,-1,-1,1.0
Oligo_NN,Dmd,1,1,1.0
Oligo_NN,Hspe1,-1,-1,1.0
Oligo_NN,Zbtb16,-1,1,1.0
Oligo_NN,Cdh19,-1,0,1.0
Oligo_NN,Raly,-1,1,1.0
Oligo_NN,Tmem150c,1,1,1.0
Oligo_NN,Lbh,1,1,1.0
Oligo_NN,Ndufs2,-1,-1,1.0
Oligo_NN,Atp5e,-1,-1,1.0
Oligo_NN,Uqcrh,-1,-1,1.0
Oligo_NN,Eef2,-1,-1,1.0
Oligo_NN,Gramd1b,1,1,1.0
Oligo_NN,Eif3c,-1,0,1.0
Oligo_NN,Nfe2l3,1,-1,1.0
Oligo_NN,St7,1,1,1.0
Oligo_NN,Stk19,-1,-1,1.0
Oligo_NN,Rpl32,-1,-1,1.0
Oligo_NN,Ypel3,-1,-1,1.0
Oligo_NN,Trf,-1,0,1.0
Oligo_NN,Higd2a,-1,-1,1.0
Oligo_NN,Xylt1,1,0,1.0
Oligo_NN,P4hb,-1,0,1.0
Oligo_NN,Grid2,1,1,1.0
Oligo_NN,Park7,-1,-1,1.0
Oligo_NN,Ndufa1,-1,-1,1.0
Oligo_NN,Atg9a,-1,-1,1.0
Oligo_NN,Mapre2,1,1,1.0
Oligo_NN,Rrp1,-1,-1,1.0
Oligo_NN,Pdxk,-1,-1,1.0
Oligo_NN,Rpl38,-1,-1,1.0
Oligo_NN,Ralyl,1,0,1.0
Oligo_NN,Agrn,-1,0,1.0
Oligo_NN,Ptpro,-1,-1,1.0
Oligo_NN,Ado,-1,-1,1.0
Oligo_NN,Saraf,-1,0,1.0
Oligo_NN,Cyc1,-1,-1,1.0
Oligo_NN,Hist3h2a,-1,-1,1.0
Oligo_NN,Mboat1,1,1,1.0
Oligo_NN,Parp4,1,1,1.0
Oligo_NN,Golga7,-1,-1,1.0
Oligo_NN,Smoc1,-1,-1,1.0
Oligo_NN,Tuba1a,-1,-1,1.0
Oligo_NN,Sec13,0,0,1.0
Oligo_NN,Eed,0,-1,1.0
Oligo_NN,Rbpj,0,0,1.0
Oligo_NN,Eif2ak4,0,0,1.0
Oligo_NN,Wdr91,0,-1,1.0
Oligo_NN,Tmem120b,0,0,1.0
Oligo_NN,Macrod2,0,1,1.0
Oligo_NN,Snap47,0,0,1.0
Oligo_NN,Zfp704,0,-1,1.0
Oligo_NN,Alms1,0,1,1.0
Oligo_NN,Mthfs,0,1,1.0
Oligo_NN,Rpl7l1,0,-1,1.0
Oligo_NN,Lrba,0,1,1.0
Oligo_NN,Gstcd,0,0,1.0
Oligo_NN,Smarcad1,0,0,1.0
Oligo_NN,Ap5z1,0,-1,1.0
Oligo_NN,Fh1,0,-1,1.0
Oligo_NN,Me1,0,0,1.0
Oligo_NN,Kdsr,0,0,1.0
Oligo_NN,Sh3glb1,0,0,1.0
Oligo_NN,Tsen34,0,-1,1.0
Oligo_NN,Svip,0,-1,1.0
Oligo_NN,Supv3l1,0,0,1.0
Oligo_NN,Lsm3,0,-1,1.0
Oligo_NN,Rpl22l1,0,-1,1.0
Oligo_NN,Sfmbt1,0,1,1.0
Oligo_NN,2310022A10Rik,0,0,1.0
Oligo_NN,Tpd52l2,0,0,1.0
Oligo_NN,Mgat4c,0,1,1.0
Oligo_NN,Mast2,0,1,1.0
Oligo_NN,Fnip2,0,-1,1.0
Oligo_NN,Sdccag8,0,0,1.0
Oligo_NN,Pdha1,0,1,1.0
Oligo_NN,Pigl,0,0,1.0
Oligo_NN,Snx3,0,0,1.0
Oligo_NN,Tor1aip2,0,-1,1.0
Oligo_NN,Cfap36,0,-1,1.0
Oligo_NN,D10Wsu102e,0,-1,1.0
Oligo_NN,Gpbp1,0,0,1.0
Oligo_NN,Ppwd1,0,0,1.0
Oligo_NN,Ctdnep1,0,-1,1.0
Oligo_NN,Krr1,0,0,1.0
Oligo_NN,Bcl6,0,0,1.0
Oligo_NN,Zfp961,0,0,1.0
Oligo_NN,Dctn6,0,0,1.0
Oligo_NN,Cstf2,0,1,1.0
Oligo_NN,Cfap97,0,1,1.0
Oligo_NN,Rxrb,0,-1,1.0
Oligo_NN,Xpnpep3,0,0,1.0
Oligo_NN,Med13l,0,1,1.0
Oligo_NN,Sec16a,0,0,1.0
Oligo_NN,Zfp597,0,0,1.0
Oligo_NN,1700029J07Rik,0,0,1.0
Oligo_NN,Polr1b,0,0,1.0
Oligo_NN,Ctsf,0,-1,1.0
Oligo_NN,Eif2b4,0,-1,1.0
Oligo_NN,Tarbp2,0,-1,1.0
Oligo_NN,Gria1,0,1,1.0
Oligo_NN,Ccdc171,0,1,1.0
Oligo_NN,Snd1,0,1,1.0
Oligo_NN,Gm7854,0,1,1.0
Oligo_NN,Gopc,0,1,1.0
Oligo_NN,Apba1,0,1,1.0
Oligo_NN,Iqsec2,0,0,1.0
Oligo_NN,Vps35,0,0,1.0
Oligo_NN,Rnf24,0,0,1.0
Oligo_NN,Fam207a,0,-1,1.0
Oligo_NN,AW146154,0,0,1.0
Oligo_NN,Abca5,0,1,1.0
Oligo_NN,Btd,0,-1,1.0
Oligo_NN,Tcf20,0,0,1.0
Oligo_NN,Ndrg2,0,1,1.0
Oligo_NN,Psma4,0,-1,1.0
Oligo_NN,Pfas,0,0,1.0
Oligo_NN,Pomt2,0,-1,1.0
Oligo_NN,Lurap1,0,-1,1.0
Oligo_NN,Wscd1,0,0,1.0
Oligo_NN,Hsd17b12,0,1,1.0
Oligo_NN,Rdh11,0,0,1.0
Oligo_NN,Pomgnt1,0,0,1.0
Oligo_NN,Rars,0,0,1.0
Oligo_NN,Zbtb10,0,1,1.0
Oligo_NN,Ttc9c,0,-1,1.0
Oligo_NN,Pigg,0,0,1.0
Oligo_NN,Cpm,0,0,1.0
Oligo_NN,Rlim,0,1,1.0
Oligo_NN,Slc12a9,0,0,1.0
Oligo_NN,Scpep1,0,1,1.0
Oligo_NN,Arvcf,0,0,1.0
Oligo_NN,Neo1,0,1,1.0
Oligo_NN,Tmco3,0,0,1.0
Oligo_NN,Nln,0,1,1.0
Oligo_NN,Gpn1,0,0,1.0
Oligo_NN,Nup153,0,0,1.0
Oligo_NN,Smad5,0,0,1.0
Oligo_NN,Tet1,0,1,1.0
Oligo_NN,Mettl23,0,-1,1.0
Oligo_NN,Adamtsl3,0,0,1.0
Oligo_NN,Dnajc25,0,0,1.0
Oligo_NN,Alg14,0,0,1.0
Oligo_NN,Smim8,0,0,1.0
Oligo_NN,Sacs,0,0,1.0
Oligo_NN,Ctnna3,0,1,1.0
Oligo_NN,Polg,0,-1,1.0
Oligo_NN,Pdap1,0,-1,1.0
Oligo_NN,Slc4a8,0,-1,1.0
Oligo_NN,Tmed8,0,-1,1.0
Oligo_NN,Frg1,0,-1,1.0
Oligo_NN,Tmem214,0,-1,1.0
Oligo_NN,Ube4a,0,0,1.0
Oligo_NN,Tecpr1,0,0,1.0
Oligo_NN,Cpeb3,0,0,1.0
Oligo_NN,Gclc,0,0,1.0
Oligo_NN,Polr2e,0,-1,1.0
Oligo_NN,Arhgap44,0,-1,1.0
Oligo_NN,2310058D17Rik,0,-1,1.0
Oligo_NN,Acadm,0,0,1.0
Oligo_NN,Arl2bp,0,-1,1.0
Oligo_NN,Dhx15,0,0,1.0
Oligo_NN,Mtx2,0,0,1.0
Oligo_NN,Rwdd4a,0,0,1.0
Oligo_NN,Las1l,0,1,1.0
Oligo_NN,Fam120b,0,0,1.0
Oligo_NN,Ssr1,0,0,1.0
Oligo_NN,Rmdn1,0,0,1.0
Oligo_NN,Rnh1,0,-1,1.0
Oligo_NN,Gprasp1,0,1,1.0
Oligo_NN,Dis3,0,0,1.0
Oligo_NN,Trp53,0,-1,1.0
Oligo_NN,Efna2,0,-1,1.0
Oligo_NN,Senp3,0,-1,1.0
Oligo_NN,Ncbp1,0,0,1.0
Oligo_NN,Trps1,0,0,1.0
Oligo_NN,Uspl1,0,-1,1.0
Oligo_NN,Tor1b,0,-1,1.0
Oligo_NN,Gm14403,0,1,1.0
Oligo_NN,Exoc1,0,0,1.0
Oligo_NN,Nfe2l2,0,1,1.0
Oligo_NN,Ttc37,0,1,1.0
Oligo_NN,Poc5,0,0,1.0
Oligo_NN,P4ha1,0,1,1.0
Oligo_NN,Pi4ka,0,0,1.0
Oligo_NN,Ascc3,0,1,1.0
Oligo_NN,Gtf2a1,0,0,1.0
Oligo_NN,Zcchc17,0,0,1.0
Oligo_NN,2610037D02Rik,0,1,1.0
Oligo_NN,Amz2,0,0,1.0
Oligo_NN,Rmnd5a,0,1,1.0
Oligo_NN,Sgk3,0,0,1.0
Oligo_NN,Vamp3,0,-1,1.0
Oligo_NN,Fam193a,0,0,1.0
Oligo_NN,Ermp1,0,0,1.0
Oligo_NN,Cct6a,-1,0,1.0
Oligo_NN,Epdr1,1,1,1.0
Oligo_NN,Gsn,-1,-1,1.0
Oligo_NN,Rhob,-1,-1,1.0
Oligo_NN,Uqcrb,-1,-1,1.0
Oligo_NN,Brk1,-1,-1,1.0
Oligo_NN,Pam,1,1,1.0
Oligo_NN,Arhgef3,1,1,1.0
Oligo_NN,Ndufs8,-1,-1,1.0
Oligo_NN,Nudt4,-1,-1,1.0
Oligo_NN,Atp5k,-1,-1,1.0
Oligo_NN,2010315B03Rik,-1,-1,1.0
Oligo_NN,Cct2,-1,-1,1.0
Oligo_NN,Tgoln1,-1,-1,1.0
Oligo_NN,Plekhm3,1,0,1.0
Oligo_NN,Trappc4,-1,-1,1.0
Oligo_NN,Tmc7,1,0,1.0
Oligo_NN,Sh3gl1,-1,-1,1.0
Oligo_NN,Rps26,-1,-1,1.0
Oligo_NN,Rps24,-1,-1,1.0
Oligo_NN,Thsd4,1,1,1.0
Oligo_NN,Rpsa,-1,-1,1.0
Oligo_NN,Synpr,-1,-1,1.0
Oligo_NN,Scarb2,-1,-1,1.0
Oligo_NN,Fggy,1,1,1.0
Oligo_NN,Zc3h6,1,0,1.0
Oligo_NN,Tpt1,-1,-1,1.0
Oligo_NN,Insr,1,1,1.0
Oligo_NN,Npc2,-1,0,1.0
Oligo_NN,Ncoa7,1,1,1.0
Oligo_NN,Slc48a1,-1,-1,1.0
Oligo_NN,Folh1,1,1,1.0
Oligo_NN,Rpl10,-1,1,1.0
Oligo_NN,BC031181,-1,-1,1.0
Oligo_NN,Slc39a7,-1,-1,1.0
Oligo_NN,Peli2,1,1,1.0
Oligo_NN,S100b,-1,-1,1.0
Oligo_NN,Gpc6,1,1,1.0
Oligo_NN,Foxp2,1,0,1.0
Oligo_NN,Rps25,-1,-1,1.0
Oligo_NN,1700063D05Rik,1,-1,1.0
Oligo_NN,Gm16638,1,1,1.0
Oligo_NN,Tsc22d4,-1,-1,1.0
Oligo_NN,Mecp2,1,1,1.0
Oligo_NN,Eif3l,-1,0,1.0
Oligo_NN,1700112D23Rik,1,0,1.0
Oligo_NN,Aurkaip1,-1,-1,1.0
Oligo_NN,Ankhd1,1,1,1.0
Oligo_NN,Ptpn4,1,1,1.0
Oligo_NN,Unc50,-1,-1,1.0
Oligo_NN,Sh3gl2,1,0,1.0
Oligo_NN,Xrcc6,-1,0,1.0
Oligo_NN,Rps5,-1,-1,1.0
Oligo_NN,Tmem135,1,1,1.0
Oligo_NN,Rpl23a,-1,-1,1.0
Oligo_NN,Rps10,-1,-1,1.0
Oligo_NN,Gps1,-1,-1,1.0
Oligo_NN,Tmem205,-1,-1,1.0
Oligo_NN,Mms19,1,0,1.0
Oligo_NN,Zfand4,-1,0,1.0
Oligo_NN,Crem,1,0,1.0
Oligo_NN,Hmgcs1,-1,-1,1.0
Oligo_NN,Nrp2,1,1,1.0
Oligo_NN,Rps8,-1,-1,1.0
Oligo_NN,Ppp2r5b,-1,-1,1.0
Oligo_NN,Clpp,-1,-1,1.0
Oligo_NN,Hat1,1,1,1.0
Oligo_NN,Tmem258,-1,-1,1.0
Oligo_NN,Lars2,-1,1,1.0
Oligo_NN,Tmem60,-1,-1,1.0
Oligo_NN,Hebp1,-1,-1,1.0
Oligo_NN,Serf2,-1,-1,1.0
Oligo_NN,Zfp672,1,-1,1.0
Oligo_NN,Aup1,-1,-1,1.0
Oligo_NN,Surf1,-1,-1,1.0
Oligo_NN,Tmsb4x,-1,1,1.0
Oligo_NN,Mt3,-1,-1,1.0
Oligo_NN,Vamp2,-1,-1,1.0
Oligo_NN,Serinc3,-1,-1,1.0
Oligo_NN,Cox5a,-1,-1,1.0
Oligo_NN,Ndufv1,-1,-1,1.0
Oligo_NN,Ppia,-1,-1,1.0
Oligo_NN,Nbas,1,0,1.0
Oligo_NN,Syt11,-1,0,1.0
Oligo_NN,Atp5g2,-1,-1,1.0
Oligo_NN,Cd63,-1,-1,1.0
Oligo_NN,Ech1,-1,-1,1.0
Oligo_NN,Esd,-1,0,1.0
Oligo_NN,Pam16,-1,-1,1.0
Oligo_NN,Atp6v1g1,-1,-1,1.0
Oligo_NN,Thsd1,1,1,1.0
Oligo_NN,Aplp1,-1,-1,1.0
Oligo_NN,Dgki,1,1,1.0
Oligo_NN,Rpl36,-1,-1,1.0
Oligo_NN,Ppib,-1,-1,1.0
Oligo_NN,Rpl27a,-1,-1,1.0
Oligo_NN,Ran,-1,-1,1.0
Oligo_NN,Mbip,-1,-1,1.0
Oligo_NN,Cope,-1,-1,1.0
Oligo_NN,Cdr2,-1,0,1.0
Oligo_NN,Uqcc2,-1,-1,1.0
Oligo_NN,Stambp,-1,-1,1.0
Oligo_NN,Depdc7,1,0,1.0
Oligo_NN,Rplp0,-1,-1,1.0
Oligo_NN,Dhtkd1,1,1,1.0
Oligo_NN,Cdk2ap1,-1,-1,1.0
Oligo_NN,Cdh20,1,1,1.0
Oligo_NN,Pcdh10,-1,-1,1.0
Oligo_NN,Cfl1,-1,-1,1.0
Oligo_NN,Xrcc5,1,1,1.0
Oligo_NN,Eef1b2,-1,-1,1.0
Oligo_NN,Itm2b,-1,-1,1.0
Oligo_NN,Rapgef5,1,1,1.0
Oligo_NN,Arhgap5,1,1,1.0
Oligo_NN,Atp6ap2,-1,1,1.0
Oligo_NN,Lgmn,-1,-1,1.0
Oligo_NN,Sorcs3,1,1,1.0
Oligo_NN,Pigs,-1,-1,1.0
Oligo_NN,Tspan2,-1,-1,1.0
Oligo_NN,Prdx4,-1,1,1.0
Oligo_NN,Ndufb11,-1,1,1.0
Oligo_NN,Paip2b,1,0,1.0
Oligo_NN,Gtdc1,1,1,1.0
Oligo_NN,Rnf7,-1,-1,1.0
Oligo_NN,Pvt1,1,1,1.0
Oligo_NN,Ndufb8,-1,-1,1.0
Oligo_NN,Gm28322,1,-1,1.0
Oligo_NN,Cbfb,1,0,1.0
Oligo_NN,Mrps34,-1,-1,1.0
Oligo_NN,Xpo4,1,0,1.0
Oligo_NN,Malt1,1,1,1.0
Oligo_NN,Snrpd2,-1,-1,1.0
Oligo_NN,AI504432,1,1,1.0
Oligo_NN,Bmp1,-1,0,1.0
Oligo_NN,Ergic3,-1,-1,1.0
Oligo_NN,Ndufs6,-1,-1,1.0
Oligo_NN,Gtf3a,-1,-1,1.0
Oligo_NN,Rab3a,-1,-1,1.0
Oligo_NN,Rpl29,-1,-1,1.0
Oligo_NN,Adamtsl1,1,1,1.0
Oligo_NN,Nrgn,-1,-1,1.0
Oligo_NN,Ssr4,-1,1,1.0
Oligo_NN,Fis1,-1,-1,1.0
Oligo_NN,Actb,-1,-1,1.0
Oligo_NN,1500011B03Rik,-1,-1,1.0
Oligo_NN,Adh5,-1,-1,1.0
Oligo_NN,Mal,-1,-1,1.0
Oligo_NN,1700111E14Rik,1,1,1.0
Oligo_NN,Rpl37a,-1,-1,1.0
Oligo_NN,Rpl7a,-1,-1,1.0
Oligo_NN,Ptpn12,1,1,1.0
Oligo_NN,Notch2,1,1,1.0
Oligo_NN,Fkbp8,-1,-1,1.0
Oligo_NN,Nckap5,-1,-1,1.0
Oligo_NN,Chst8,1,1,1.0
Oligo_NN,Cdk5,-1,-1,1.0
Oligo_NN,Grina,-1,-1,1.0
Oligo_NN,Cox7a2,-1,-1,1.0
Oligo_NN,Rpl13a,-1,-1,1.0
Oligo_NN,Praf2,-1,1,1.0
Oligo_NN,Uimc1,1,0,1.0
Oligo_NN,Akap13,1,1,1.0
Oligo_NN,Jund,-1,-1,1.0
Oligo_NN,2610306M01Rik,-1,-1,1.0
Oligo_NN,Scn1a,1,0,1.0
Oligo_NN,Cyhr1,-1,-1,1.0
Oligo_NN,Cntn6,1,1,1.0
Oligo_NN,Zkscan1,1,0,1.0
Oligo_NN,Gpr155,-1,0,1.0
Oligo_NN,Myo1d,1,1,1.0
Oligo_NN,Smim1,-1,-1,1.0
Oligo_NN,Mgat5,-1,-1,1.0
Oligo_NN,Slc4a2,-1,-1,1.0
Oligo_NN,Camk4,1,1,1.0
Oligo_NN,Glt8d1,-1,-1,1.0
Oligo_NN,Gas5,-1,-1,1.0
Oligo_NN,Slc35f1,1,1,1.0
Oligo_NN,Thrb,1,1,1.0
Oligo_NN,Uqcrc1,-1,-1,1.0
Oligo_NN,Psap,-1,0,1.0
Oligo_NN,Mrpl20,-1,-1,1.0
Oligo_NN,Psmb3,-1,-1,1.0
Oligo_NN,Map3k12,-1,-1,1.0
Oligo_NN,Rps15a,-1,-1,1.0
Oligo_NN,Ppp3cb,1,0,1.0
Oligo_NN,Capns1,-1,-1,1.0
Oligo_NN,Etfb,-1,0,1.0
Oligo_NN,Rpl3,-1,-1,1.0
Oligo_NN,Hps4,-1,-1,1.0
Oligo_NN,Nmd3,1,0,1.0
Oligo_NN,Erp29,-1,0,1.0
Oligo_NN,Cyp2j12,1,0,1.0
Oligo_NN,Kif5c,1,1,1.0
Oligo_NN,Atp6v1f,-1,-1,1.0
Oligo_NN,Ogdhl,1,1,1.0
Oligo_NN,Cisd2,-1,0,1.0
Oligo_NN,Sft2d1,-1,-1,1.0
Oligo_NN,Slc38a2,-1,-1,1.0
Oligo_NN,Fbn2,1,1,1.0
Oligo_NN,C2cd5,1,0,1.0
Oligo_NN,Map1a,-1,-1,1.0
Oligo_NN,Tex264,-1,0,1.0
Oligo_NN,Rps19,-1,-1,1.0
Oligo_NN,Tmem33,-1,1,1.0
Oligo_NN,Nkx6-2,-1,-1,1.0
Oligo_NN,Ppp1r15b,-1,-1,1.0
Oligo_NN,Mgst3,-1,0,1.0
Oligo_NN,Rps4x,-1,1,1.0
Oligo_NN,Stmn4,-1,-1,1.0
Oligo_NN,Scarb1,1,1,1.0
Oligo_NN,Gm16233,1,-1,1.0
Oligo_NN,Ptprn,-1,-1,1.0
Oligo_NN,Tipin,1,1,1.0
Oligo_NN,Gm4924,1,1,1.0
Oligo_NN,Prdm5,1,1,1.0
Oligo_NN,Sytl5,-1,0,1.0
Oligo_NN,Imp3,-1,-1,1.0
Oligo_NN,Rpl10a,-1,-1,1.0
Oligo_NN,Pim3,-1,-1,1.0
Oligo_NN,Htt,1,1,1.0
Oligo_NN,5430402O13Rik,1,0,1.0
Oligo_NN,Rps17,-1,-1,1.0
Oligo_NN,Gdi1,-1,1,1.0
Oligo_NN,Map1lc3b,-1,-1,1.0
Oligo_NN,Fmn1,1,1,1.0
Oligo_NN,Ptpdc1,-1,-1,1.0
Oligo_NN,Stxbp4,1,1,1.0
Oligo_NN,Ripk2,1,-1,1.0
Oligo_NN,Acss2,-1,0,1.0
Oligo_NN,Slc3a2,-1,-1,1.0
Oligo_NN,Rpl8,-1,-1,1.0
Oligo_NN,Spred1,1,0,1.0
Oligo_NN,Psenen,-1,-1,1.0
Oligo_NN,Set,-1,-1,1.0
Oligo_NN,Maml3,1,1,1.0
Oligo_NN,Cpeb4,1,0,1.0
Oligo_NN,Lsm4,-1,-1,1.0
Oligo_NN,D3Ertd751e,1,0,1.0
Oligo_NN,Ndufa4,-1,-1,1.0
Oligo_NN,Cdk5rap2,1,1,1.0
Oligo_NN,Cdh12,1,1,1.0
Oligo_NN,Sgms1,1,1,1.0
Oligo_NN,Gapdh,-1,-1,1.0
Oligo_NN,Klf13,-1,-1,1.0
Oligo_NN,Crnde,1,1,1.0
Oligo_NN,Zdhhc9,-1,0,1.0
Oligo_NN,Nav3,1,1,1.0
Oligo_NN,Emc4,-1,-1,1.0
Oligo_NN,Abca2,-1,-1,1.0
Oligo_NN,Tsc22d3,-1,1,1.0
Oligo_NN,Slc35a2,-1,1,1.0
Oligo_NN,Qser1,1,1,1.0
Oligo_NN,Nup160,1,1,1.0
Oligo_NN,Clgn,-1,0,1.0
Oligo_NN,Tmem108,1,1,1.0
Oligo_NN,Psmc3,-1,-1,1.0
Oligo_NN,Cep85l,1,1,1.0
Oligo_NN,Timm13,-1,-1,1.0
Oligo_NN,Zfp612,1,-1,1.0
Oligo_NN,Iffo1,-1,-1,1.0
Oligo_NN,Zfp606,1,0,1.0
Oligo_NN,H3f3b,-1,-1,1.0
Oligo_NN,Idi1,-1,-1,1.0
Oligo_NN,Atp5g1,-1,-1,1.0
Oligo_NN,Ndufa2,-1,-1,1.0
Oligo_NN,1810062O18Rik,-1,0,1.0
Oligo_NN,Psd3,-1,-1,1.0
Oligo_NN,Canx,-1,0,1.0
Oligo_NN,Timm10b,-1,-1,1.0
Oligo_NN,Kiz,1,0,1.0
Oligo_NN,Srp14,-1,-1,1.0
Oligo_NN,Slc22a17,-1,-1,1.0
Oligo_NN,Elp4,1,1,1.0
Oligo_NN,Stmn3,-1,-1,1.0
Oligo_NN,Plat,-1,-1,1.0
Oligo_NN,Zfand6,1,0,1.0
Oligo_NN,Slc2a1,-1,0,1.0
Oligo_NN,Rps7,-1,-1,1.0
Oligo_NN,Dpyd,1,1,1.0
Oligo_NN,Bcor,1,1,1.0
Oligo_NN,Atpif1,-1,-1,1.0
Oligo_NN,Ccdc85b,-1,-1,1.0
Oligo_NN,Agmo,1,1,1.0
Oligo_NN,Polr2f,-1,-1,1.0
Oligo_NN,Slc25a5,-1,1,1.0
Oligo_NN,Bud31,-1,-1,1.0
Oligo_NN,Mcm9,1,1,1.0
Oligo_NN,Sirt2,-1,-1,1.0
Oligo_NN,2610316D01Rik,-1,0,1.0
Oligo_NN,Nedd9,1,1,1.0
Oligo_NN,Zc3h12b,1,1,1.0
Oligo_NN,Fdps,-1,-1,1.0
Oligo_NN,Dzip1,1,1,1.0
Oligo_NN,Cox5b,-1,-1,1.0
Oligo_NN,Sar1b,-1,0,1.0
Oligo_NN,Snx17,-1,-1,1.0
Oligo_NN,Maged1,-1,1,1.0
Oligo_NN,Cox6a1,-1,-1,1.0
Oligo_NN,Abca1,1,1,1.0
Oligo_NN,Unc5d,1,1,1.0
Oligo_NN,Ttyh1,-1,-1,1.0
Oligo_NN,Tomm5,-1,-1,1.0
Oligo_NN,Scamp3,-1,-1,1.0
Oligo_NN,1110046J04Rik,1,1,1.0
Oligo_NN,Arnt2,1,1,1.0
Oligo_NN,Eif3f,-1,-1,1.0
Oligo_NN,Rpl18a,-1,-1,1.0
Oligo_NN,Zc2hc1a,1,1,1.0
Oligo_NN,Nrbp2,-1,-1,1.0
Oligo_NN,Xpr1,0,0,1.0
Oligo_NN,Eaf2,0,0,1.0
Oligo_NN,Cdc42ep1,0,-1,1.0
Oligo_NN,Acot8,0,-1,1.0
Oligo_NN,Csrnp3,0,1,1.0
Oligo_NN,Phactr1,0,1,1.0
Oligo_NN,Farsa,0,0,1.0
Oligo_NN,Gadd45gip1,0,-1,1.0
Oligo_NN,Csad,0,-1,1.0
Oligo_NN,Coq2,0,0,1.0
Oligo_NN,Top3b,0,0,1.0
Oligo_NN,Kirrel3,0,1,1.0
Oligo_NN,Ppfia2,0,0,1.0
Oligo_NN,Tbc1d24,0,0,1.0
Oligo_NN,Anxa5,0,1,1.0
Oligo_NN,Sec22b,0,0,1.0
Oligo_NN,Crim1,0,1,1.0
Oligo_NN,Elmod1,0,-1,1.0
Oligo_NN,Aftph,0,0,1.0
Oligo_NN,Cabin1,0,0,1.0
Oligo_NN,8430429K09Rik,0,0,1.0
Oligo_NN,Gm27003,0,-1,1.0
Oligo_NN,Ttc7,0,1,1.0
Oligo_NN,Bnip1,0,-1,1.0
Oligo_NN,Rab4a,0,0,1.0
Oligo_NN,Dnajc13,0,0,1.0
Oligo_NN,Psmd2,0,-1,1.0
Oligo_NN,Mios,0,0,1.0
Oligo_NN,Ndc1,0,0,1.0
Oligo_NN,Parp2,0,0,1.0
Oligo_NN,Rnf32,0,-1,1.0
Oligo_NN,Tmem245,0,1,1.0
Oligo_NN,Ctnna1,0,-1,1.0
Oligo_NN,Sptan1,0,0,1.0
Oligo_NN,Babam1,0,-1,1.0
Oligo_NN,Pygo2,0,-1,1.0
Oligo_NN,Srsf5,0,-1,1.0
Oligo_NN,Atp5c1,0,0,1.0
Oligo_NN,a,0,1,1.0
Oligo_NN,Aars,0,0,1.0
Oligo_NN,Bmpr1a,0,0,1.0
Oligo_NN,Vps4b,0,0,1.0
Oligo_NN,Ago1,0,-1,1.0
Oligo_NN,Rgs7bp,0,-1,1.0
Oligo_NN,Gpatch11,0,-1,1.0
Oligo_NN,Slc35e2,0,0,1.0
Oligo_NN,Agpat4,0,0,1.0
Oligo_NN,Atg14,0,0,1.0
Oligo_NN,Gtf2h1,0,0,1.0
Oligo_NN,6230400D17Rik,0,-1,1.0
Oligo_NN,Lonp2,0,0,1.0
Oligo_NN,Cdc42ep2,0,-1,1.0
Oligo_NN,Fus,0,-1,1.0
Oligo_NN,Pkd2l2,0,0,1.0
Oligo_NN,Arrdc3,0,-1,1.0
Oligo_NN,Syne2,0,1,1.0
Oligo_NN,Exosc7,0,-1,1.0
Oligo_NN,Rdx,0,0,1.0
Oligo_NN,Inf2,0,-1,1.0
Oligo_NN,2810013P06Rik,0,-1,1.0
Oligo_NN,Pabpn1,0,-1,1.0
Oligo_NN,Tmem19,0,-1,1.0
Oligo_NN,Mettl3,0,-1,1.0
Oligo_NN,Stx6,0,-1,1.0
Oligo_NN,Xpnpep1,0,-1,1.0
Oligo_NN,Etv3,0,-1,1.0
Oligo_NN,Plod3,0,-1,1.0
Oligo_NN,Setbp1,0,1,1.0
Oligo_NN,Rrnad1,0,-1,1.0
Oligo_NN,Gm26590,0,0,1.0
Oligo_NN,Celf1,0,0,1.0
Oligo_NN,Eapp,0,-1,1.0
Oligo_NN,Nkiras1,0,-1,1.0
Oligo_NN,Nup188,0,0,1.0
Oligo_NN,Rab39b,0,-1,1.0
Oligo_NN,Fam174a,0,-1,1.0
Oligo_NN,Rab11a,0,-1,1.0
Oligo_NN,Cyth3,0,1,1.0
Oligo_NN,Btbd7,0,0,1.0
Oligo_NN,Akap8,0,0,1.0
Oligo_NN,Mtfmt,0,-1,1.0
Oligo_NN,Ak6,0,-1,1.0
Oligo_NN,Slc30a9,0,1,1.0
Oligo_NN,Lpgat1,0,0,1.0
Oligo_NN,Smyd2,0,1,1.0
Oligo_NN,St8sia3os,0,1,1.0
Oligo_NN,Pfn2,0,-1,1.0
Oligo_NN,Mlh1,0,-1,1.0
Oligo_NN,Phc1,0,-1,1.0
Oligo_NN,Il1rapl1,0,-1,1.0
Oligo_NN,Polr3c,0,0,1.0
Oligo_NN,Fmr1,0,-1,1.0
Oligo_NN,Homer3,0,-1,1.0
Oligo_NN,Sh3d19,0,0,1.0
Oligo_NN,Top2b,0,0,1.0
Oligo_NN,Otud4,0,0,1.0
Oligo_NN,Tut1,0,-1,1.0
Oligo_NN,Slc11a2,0,0,1.0
Oligo_NN,Pms2,0,0,1.0
Oligo_NN,Fign,0,0,1.0
Oligo_NN,Kdm5c,0,-1,1.0
Oligo_NN,Tmem246,0,-1,1.0
Oligo_NN,Dclk1,0,1,1.0
Oligo_NN,Cdh18,0,0,1.0
Oligo_NN,Ugdh,0,-1,1.0
Oligo_NN,C920021L13Rik,0,-1,1.0
Oligo_NN,Mxi1,0,0,1.0
Oligo_NN,Dnajc17,0,0,1.0
Oligo_NN,Atic,0,0,1.0
Oligo_NN,Pip4k2c,0,0,1.0
Oligo_NN,Anp32b,0,-1,1.0
Oligo_NN,Cdkn2aip,0,-1,1.0
Oligo_NN,Gfm1,0,0,1.0
Oligo_NN,Brms1,0,-1,1.0
Oligo_NN,Trmt61b,0,0,1.0
Oligo_NN,Gtf2i,0,0,1.0
Oligo_NN,Sumf2,0,0,1.0
Oligo_NN,0610030E20Rik,0,-1,1.0
Oligo_NN,Zfp64,0,1,1.0
Oligo_NN,Hexb,0,1,1.0
Oligo_NN,Mcrs1,0,-1,1.0
Oligo_NN,Shb,0,0,1.0
Oligo_NN,Asb3,0,0,1.0
Oligo_NN,Spg21,0,-1,1.0
Oligo_NN,Gtpbp10,0,-1,1.0
Oligo_NN,Far1,0,0,1.0
Oligo_NN,Arhgap32,0,0,1.0
Oligo_NN,Nfat5,0,0,1.0
Oligo_NN,Ncoa5,0,0,1.0
Oligo_NN,Klhl26,0,0,1.0
Oligo_NN,Ankra2,0,-1,1.0
Oligo_NN,Ern1,0,0,1.0
Oligo_NN,Usp46,0,1,1.0
Oligo_NN,Srprb,0,-1,1.0
Oligo_NN,Ypel2,0,0,1.0
Oligo_NN,Prep,0,0,1.0
Oligo_NN,Ccdc62,0,-1,1.0
Oligo_NN,Comt,0,-1,1.0
Oligo_NN,Vopp1,0,0,1.0
Oligo_NN,Pisd,0,0,1.0
Oligo_NN,Rdh10,0,0,1.0
Oligo_NN,Snapin,0,-1,1.0
Oligo_NN,Tamm41,0,1,1.0
Oligo_NN,Trmt11,0,1,1.0
Oligo_NN,Rbm12b2,0,-1,1.0
Oligo_NN,Prrc1,0,0,1.0
Oligo_NN,Slc26a11,0,0,1.0
Oligo_NN,Fto,0,1,1.0
Oligo_NN,Txndc9,0,-1,1.0
Oligo_NN,Ppp1r9b,0,-1,1.0
Oligo_NN,Vps37a,0,0,1.0
Oligo_NN,Smarce1,0,0,1.0
Oligo_NN,Msrb3,0,1,1.0
Oligo_NN,Zfp384,0,0,1.0
Oligo_NN,Zfand2b,0,-1,1.0
Oligo_NN,Gpr158,0,1,1.0
Oligo_NN,Zfp804a,0,0,1.0
Oligo_NN,Tex2,0,1,1.0
Oligo_NN,Grik2,0,1,1.0
Oligo_NN,Shroom1,0,-1,1.0
Oligo_NN,Ell,0,0,1.0
Oligo_NN,Pcmtd1,0,0,1.0
Oligo_NN,Etaa1,0,-1,1.0
Oligo_NN,Chmp7,0,-1,1.0
Oligo_NN,Tmem170b,0,0,1.0
Oligo_NN,Zfp72,0,-1,1.0
Oligo_NN,Nr3c1,0,0,1.0
Oligo_NN,Ccnc,1,0,1.0
Oligo_NN,Cd81,-1,-1,1.0
Oligo_NN,Pcca,1,1,1.0
Oligo_NN,Sema3e,1,1,1.0
Oligo_NN,Lamtor4,-1,-1,1.0
Oligo_NN,Tmem144,1,0,1.0
Oligo_NN,Phldb2,1,1,1.0
Oligo_NN,Tcte2,1,1,1.0
Oligo_NN,Parp12,1,1,1.0
Oligo_NN,Gpt2,-1,0,1.0
Oligo_NN,Ssbp1,-1,-1,1.0
Oligo_NN,Scmh1,1,1,1.0
Oligo_NN,Gnb2,-1,-1,1.0
Oligo_NN,Plekhj1,-1,-1,1.0
Oligo_NN,Polr2g,-1,-1,1.0
Oligo_NN,Nr3c2,1,1,1.0
Oligo_NN,Meis2,1,1,1.0
Oligo_NN,Jph4,-1,-1,1.0
Oligo_NN,BC065397,1,-1,1.0
Oligo_NN,Xaf1,1,1,1.0
Oligo_NN,2410004B18Rik,-1,-1,1.0
Oligo_NN,Tmsb10,-1,-1,1.0
Oligo_NN,Rpn1,-1,0,1.0
Oligo_NN,Abhd4,-1,-1,1.0
Oligo_NN,Atp1b1,-1,0,1.0
Oligo_NN,Sub1,-1,-1,1.0
Oligo_NN,1110038F14Rik,-1,-1,1.0
Oligo_NN,Rps21,-1,-1,1.0
Oligo_NN,Pacsin1,1,1,1.0
Oligo_NN,Acyp2,1,1,1.0
Oligo_NN,Sh3tc2,1,1,1.0
Oligo_NN,Mcts2,-1,-1,1.0
Oligo_NN,Tmem30a,-1,0,1.0
Oligo_NN,Apbb1ip,1,1,1.0
Oligo_NN,Chrm3,1,1,1.0
Oligo_NN,Fam189a2,1,1,1.0
Oligo_NN,Efnb3,-1,-1,1.0
Oligo_NN,Neat1,1,-1,1.0
Oligo_NN,Il1rapl2,1,-1,1.0
Oligo_NN,Herc6,1,1,1.0
Oligo_NN,Spg20,1,0,1.0
Oligo_NN,Prmt3,1,-1,1.0
Oligo_NN,Rac1,-1,-1,1.0
Oligo_NN,Dock7,1,1,1.0
Oligo_NN,Rpl7,-1,-1,1.0
Oligo_NN,Ndufb5,-1,-1,1.0
Oligo_NN,Ndufa7,-1,0,1.0
Oligo_NN,Ube3c,1,0,1.0
Oligo_NN,Psmb5,-1,-1,1.0
Oligo_NN,Smad7,-1,-1,1.0
Oligo_NN,Tmem132d,1,1,1.0
Oligo_NN,St3gal5,1,1,1.0
Oligo_NN,Marc2,-1,0,1.0
Oligo_NN,Faim2,-1,-1,1.0
Oligo_NN,Rgmb,1,-1,1.0
Oligo_NN,Tshz3,-1,-1,1.0
Oligo_NN,Camk2d,1,0,1.0
Oligo_NN,A730081D07Rik,1,0,1.0
Oligo_NN,Osbp2,1,1,1.0
Oligo_NN,Hdx,1,-1,1.0
Oligo_NN,Vps13a,1,1,1.0
Oligo_NN,Mt1,-1,-1,1.0
Oligo_NN,Ndufa12,-1,0,1.0
Oligo_NN,Pgam1,-1,-1,1.0
Oligo_NN,Wasf3,1,1,1.0
Oligo_NN,Foxn2,1,0,1.0
Oligo_NN,Prrg1,1,-1,1.0
Oligo_NN,Msmo1,-1,-1,1.0
Oligo_NN,Atp5f1,-1,-1,1.0
Oligo_NN,Sdhb,-1,-1,1.0
Oligo_NN,Cct7,-1,0,1.0
Oligo_NN,1700123M08Rik,1,1,1.0
Oligo_NN,Gm4221,-1,-1,1.0
Oligo_NN,Atp5d,-1,-1,1.0
Oligo_NN,Ccdc136,1,1,1.0
Oligo_NN,Mettl15,1,1,1.0
Oligo_NN,Tubb5,-1,-1,1.0
Oligo_NN,Sik2,1,1,1.0
Oligo_NN,Eef1a1,-1,-1,1.0
Oligo_NN,Nacad,-1,-1,1.0
Oligo_NN,Ercc6l2,1,1,1.0
Oligo_NN,Vps29,-1,-1,1.0
Oligo_NN,Ralgds,-1,-1,1.0
Oligo_NN,Serpinb6a,1,1,1.0
Oligo_NN,Glo1,-1,0,1.0
Oligo_NN,Txndc15,-1,-1,1.0
Oligo_NN,Ptn,-1,0,1.0
Oligo_NN,Litaf,-1,0,1.0
Oligo_NN,Ube2s,-1,-1,1.0
Oligo_NN,Arpc1b,-1,-1,1.0
Oligo_NN,Rps27l,-1,-1,1.0
Oligo_NN,Mrps7,-1,-1,1.0
Oligo_NN,Slc8a3,1,1,1.0
Oligo_NN,Dars,1,1,1.0
Oligo_NN,Zfp949,1,0,1.0
Oligo_NN,Pcolce2,1,1,1.0
Oligo_NN,Zbtb44,1,0,1.0
Oligo_NN,Psmb6,-1,-1,1.0
Oligo_NN,Olig2,-1,-1,1.0
Oligo_NN,Rpl9,-1,-1,1.0
Oligo_NN,Lsm7,-1,-1,1.0
Oligo_NN,Ccser1,1,1,1.0
Oligo_NN,Gm2a,-1,-1,1.0
Oligo_NN,Cntln,1,1,1.0
Oligo_NN,Nme1,-1,-1,1.0
Oligo_NN,Zfp827,-1,-1,1.0
Oligo_NN,Rps3a1,-1,-1,1.0
Oligo_NN,Adam23,1,1,1.0
Oligo_NN,Gm13052,1,1,1.0
Oligo_NN,Ddost,-1,-1,1.0
Oligo_NN,Wnt5b,1,1,1.0
Oligo_NN,Ppdpf,-1,-1,1.0
Oligo_NN,Megf10,1,1,1.0
Oligo_NN,Atp5a1,-1,-1,1.0
Oligo_NN,Atp6v0b,-1,-1,1.0
Oligo_NN,Sec11c,-1,-1,1.0
Oligo_NN,Gm11659,-1,-1,1.0
Oligo_NN,Prdm10,1,0,1.0
Oligo_NN,Commd3,-1,-1,1.0
Oligo_NN,Sccpdh,-1,0,1.0
Oligo_NN,Psmd8,-1,-1,1.0
Oligo_NN,Tmem109,-1,-1,1.0
Oligo_NN,Slc25a51,-1,-1,1.0
Oligo_NN,Actg1,-1,-1,1.0
Oligo_NN,Aig1,1,1,1.0
Oligo_NN,Anks6,1,1,1.0
Oligo_NN,Disc1,1,1,1.0
Oligo_NN,Tmem147,-1,-1,1.0
Oligo_NN,Gnai2,-1,-1,1.0
Oligo_NN,Cobl,1,1,1.0
Oligo_NN,Raph1,1,1,1.0
Oligo_NN,Psmc4,-1,-1,1.0
Oligo_NN,Vmp1,-1,0,1.0
Oligo_NN,Spidr,1,1,1.0
Oligo_NN,Sbf1,-1,-1,1.0
Oligo_NN,Ano3,1,1,1.0
Oligo_NN,Rpl35a,-1,-1,1.0
Oligo_NN,Npdc1,-1,-1,1.0
Oligo_NN,Ddc,1,1,1.0
Oligo_NN,Dclk3,1,1,1.0
Oligo_NN,Mtch1,-1,-1,1.0
Oligo_NN,Idh3b,-1,-1,1.0
Oligo_NN,Tppp3,-1,-1,1.0
Oligo_NN,Eef1g,-1,-1,1.0
Oligo_NN,Rpl39,-1,-1,1.0
Oligo_NN,Cryab,-1,-1,1.0
Oligo_NN,Gm26843,1,1,1.0
Oligo_NN,Usp6nl,-1,-1,1.0
Oligo_NN,Evi2a,-1,-1,1.0
Oligo_NN,Efemp1,1,1,1.0
Oligo_NN,Mif,-1,-1,1.0
Oligo_NN,Gabbr1,-1,-1,1.0
Oligo_NN,Fmnl2,1,1,1.0
Oligo_NN,Sfr1,-1,-1,1.0
Oligo_NN,Iqsec1,1,0,1.0
Oligo_NN,Foxo1,1,0,1.0
Oligo_NN,Arl6ip1,-1,0,1.0
Oligo_NN,Rpl24,-1,-1,1.0
Oligo_NN,Yipf3,-1,-1,1.0
Oligo_NN,Cuta,-1,-1,1.0
Oligo_NN,Bicc1,1,1,1.0
Oligo_NN,Scrn3,1,0,1.0
Oligo_NN,Cmss1,-1,1,1.0
Oligo_NN,Atp6v0e2,-1,-1,1.0
Oligo_NN,Glcci1,1,0,1.0
Oligo_NN,Pmm1,-1,-1,1.0
Oligo_NN,Lmo7,-1,0,1.0
Oligo_NN,Tgfbr3,1,1,1.0
Oligo_NN,Gxylt1,1,0,1.0
Oligo_NN,Fam171a1,1,1,1.0
Oligo_NN,Cdh8,1,1,1.0
Oligo_NN,March1,1,1,1.0
Oligo_NN,Simc1,1,1,1.0
Oligo_NN,Polr2c,-1,-1,1.0
Oligo_NN,Fdft1,-1,0,1.0
Oligo_NN,Cd59a,-1,1,1.0
Oligo_NN,Atp11c,1,0,1.0
Oligo_NN,Pot1b,1,0,1.0
Oligo_NN,Gm15564,-1,-1,1.0
Oligo_NN,Kat7,1,0,1.0
Oligo_NN,Dctn3,-1,-1,1.0
Oligo_NN,Usp45,1,1,1.0
Oligo_NN,Glul,-1,-1,1.0
Oligo_NN,Agap3,-1,-1,1.0
Oligo_NN,Acer3,1,0,1.0
Oligo_NN,Dgat2,-1,-1,1.0
Oligo_NN,Ccdc124,-1,-1,1.0
Oligo_NN,Chchd10,-1,-1,1.0
Oligo_NN,Arhgap24,1,1,1.0
Oligo_NN,Rplp2,-1,-1,1.0
Oligo_NN,Nrf1,1,0,1.0
Oligo_NN,9330111N05Rik,1,1,1.0
Oligo_NN,Zfp276,-1,-1,1.0
Oligo_NN,Tspan31,-1,-1,1.0
Oligo_NN,Bach2,1,0,1.0
Oligo_NN,Pgrmc1,-1,-1,1.0
Oligo_NN,Cacna2d3,1,1,1.0
Oligo_NN,Emc1,-1,0,1.0
Oligo_NN,Syt9,1,1,1.0
Oligo_NN,Eif4a1,-1,-1,1.0
Oligo_NN,Tubb3,-1,-1,1.0
Oligo_NN,Mbnl1,1,0,1.0
Oligo_NN,Pkp4,1,1,1.0
Oligo_NN,Sergef,1,1,1.0
Oligo_NN,Uchl1,-1,-1,1.0
Oligo_NN,Plekha1,-1,0,1.0
Oligo_NN,Zfp68,1,-1,1.0
Oligo_NN,Sorcs1,1,1,1.0
Oligo_NN,Olfm3,1,-1,1.0
Oligo_NN,Spock3,1,1,1.0
Oligo_NN,Fam57a,-1,0,1.0
Oligo_NN,Cnpy2,-1,-1,1.0
Oligo_NN,Tgfa,1,1,1.0
Oligo_NN,Kcna2,-1,-1,1.0
Oligo_NN,Zfp438,1,1,1.0
Oligo_NN,Ctnnal1,1,-1,1.0
Oligo_NN,Ap2b1,1,1,1.0
Oligo_NN,Lypd6b,1,1,1.0
Oligo_NN,Ttc17,1,1,1.0
Oligo_NN,Map1lc3a,-1,-1,1.0
Oligo_NN,Uba6,1,0,1.0
Oligo_NN,Cadps2,1,1,1.0
Oligo_NN,Clu,-1,0,1.0
Oligo_NN,Rnf43,1,1,1.0
Oligo_NN,Pnrc1,-1,-1,1.0
Oligo_NN,Dse,1,1,1.0
Oligo_NN,Orc5,1,0,1.0
Oligo_NN,Cox6c,-1,-1,1.0
Oligo_NN,Lta4h,1,0,1.0
Oligo_NN,Pou6f1,1,1,1.0
Oligo_NN,Pard3b,1,1,1.0
Oligo_NN,Endod1,-1,0,1.0
Oligo_NN,Map3k5,1,1,1.0
Oligo_NN,Kcnq3,1,1,1.0
Oligo_NN,Timp3,-1,0,1.0
Oligo_NN,Grm7,1,1,1.0
Oligo_NN,Bcap31,-1,-1,1.0
Oligo_NN,B830012L14Rik,1,-1,1.0
Oligo_NN,Iqcb1,1,1,1.0
Oligo_NN,Rps15,-1,-1,1.0
Oligo_NN,Cdh11,1,-1,1.0
Oligo_NN,Ctsa,-1,-1,1.0
Oligo_NN,Bfsp2,1,1,1.0
Oligo_NN,Lrpap1,-1,0,1.0
Oligo_NN,Asah2,1,1,1.0
Oligo_NN,Map3k1,1,1,1.0
Oligo_NN,Nceh1,-1,-1,1.0
Oligo_NN,Ndufs7,-1,-1,1.0
Oligo_NN,Rplp1,-1,-1,1.0
Oligo_NN,Slc16a6,1,1,1.0
Oligo_NN,Taf1b,1,1,1.0
Oligo_NN,Efr3b,1,1,1.0
Oligo_NN,Lima1,-1,-1,1.0
Oligo_NN,Prim2,1,1,1.0
Oligo_NN,Cck,-1,-1,1.0
Oligo_NN,Emc7,-1,-1,1.0
Oligo_NN,Phf5a,-1,-1,1.0
Oligo_NN,Hmgb1,-1,-1,1.0
Oligo_NN,Msn,1,1,1.0
Oligo_NN,Ubtd2,1,0,1.0
Oligo_NN,Btf3,-1,-1,1.0
Oligo_NN,Dnaja1,-1,0,1.0
Oligo_NN,Aldoa,-1,-1,1.0
Oligo_NN,Atp5j2,-1,-1,1.0
Oligo_NN,Hsp90b1,-1,-1,1.0
Oligo_NN,As3mt,1,1,1.0
Oligo_NN,Gnptg,-1,-1,1.0
Oligo_NN,AI413582,-1,-1,1.0
Oligo_NN,Fasn,-1,0,1.0
Oligo_NN,Edil3,1,1,1.0
Oligo_NN,Laptm4a,-1,-1,1.0
Oligo_NN,Snca,1,1,1.0
Oligo_NN,Scp2,-1,0,1.0
Oligo_NN,Rbms3,1,1,1.0
Oligo_NN,Ola1,1,0,1.0
Oligo_NN,Creb3,-1,-1,1.0
Oligo_NN,Tmod2,-1,-1,1.0
Oligo_NN,A330008L17Rik,1,1,1.0
Oligo_NN,Ppp1ca,-1,-1,1.0
Oligo_NN,Xpo1,1,0,1.0
Oligo_NN,Igf1r,1,1,1.0
Oligo_NN,Serinc1,-1,-1,1.0
Oligo_NN,Reep5,-1,-1,1.0
Oligo_NN,Gm2115,1,1,1.0
Oligo_NN,Cox8a,-1,-1,1.0
Oligo_NN,Fth1,-1,-1,1.0
Oligo_NN,Mrfap1,-1,-1,1.0
Oligo_NN,Sf3b5,-1,-1,1.0
Oligo_NN,Arf5,-1,-1,1.0
Oligo_NN,Hnrnpll,1,0,1.0
Oligo_NN,Sertad2,1,0,1.0
Oligo_NN,Dpm3,-1,-1,1.0
Oligo_NN,Stau2,1,1,1.0
Oligo_NN,Lrch2,1,-1,1.0
